Time,ZN_1_FLR_1_SEC_1:CHICAGO ANN HTG 99.6% CONDNS DB:Des Heat Load [W],ZN_1_FLR_1_SEC_1:CHICAGO ANN CLG .4% CONDNS DB=>MWB:Des Sens Cool Load [W],ZN_1_FLR_1_SEC_1:CHICAGO ANN HTG 99.6% CONDNS DB:Des Heat Mass Flow [kg/s],ZN_1_FLR_1_SEC_1:CHICAGO ANN CLG .4% CONDNS DB=>MWB:Des Cool Mass Flow [kg/s],ZN_1_FLR_2_SEC_1:CHICAGO ANN HTG 99.6% CONDNS DB:Des Heat Load [W],ZN_1_FLR_2_SEC_1:CHICAGO ANN CLG .4% CONDNS DB=>MWB:Des Sens Cool Load [W],ZN_1_FLR_2_SEC_1:CHICAGO ANN HTG 99.6% CONDNS DB:Des Heat Mass Flow [kg/s],ZN_1_FLR_2_SEC_1:CHICAGO ANN CLG .4% CONDNS DB=>MWB:Des Cool Mass Flow [kg/s],ZN_1_FLR_3_SEC_1:CHICAGO ANN HTG 99.6% CONDNS DB:Des Heat Load [W],ZN_1_FLR_3_SEC_1:CHICAGO ANN CLG .4% CONDNS DB=>MWB:Des Sens Cool Load [W],ZN_1_FLR_3_SEC_1:CHICAGO ANN HTG 99.6% CONDNS DB:Des Heat Mass Flow [kg/s],ZN_1_FLR_3_SEC_1:CHICAGO ANN CLG .4% CONDNS DB=>MWB:Des Cool Mass Flow [kg/s],ZN_1_FLR_1_SEC_2:CHICAGO ANN HTG 99.6% CONDNS DB:Des Heat Load [W],ZN_1_FLR_1_SEC_2:CHICAGO ANN CLG .4% CONDNS DB=>MWB:Des Sens Cool Load [W],ZN_1_FLR_1_SEC_2:CHICAGO ANN HTG 99.6% CONDNS DB:Des Heat Mass Flow [kg/s],ZN_1_FLR_1_SEC_2:CHICAGO ANN CLG .4% CONDNS DB=>MWB:Des Cool Mass Flow [kg/s],ZN_1_FLR_2_SEC_2:CHICAGO ANN HTG 99.6% CONDNS DB:Des Heat Load [W],ZN_1_FLR_2_SEC_2:CHICAGO ANN CLG .4% CONDNS DB=>MWB:Des Sens Cool Load [W],ZN_1_FLR_2_SEC_2:CHICAGO ANN HTG 99.6% CONDNS DB:Des Heat Mass Flow [kg/s],ZN_1_FLR_2_SEC_2:CHICAGO ANN CLG .4% CONDNS DB=>MWB:Des Cool Mass Flow [kg/s],ZN_1_FLR_3_SEC_2:CHICAGO ANN HTG 99.6% CONDNS DB:Des Heat Load [W],ZN_1_FLR_3_SEC_2:CHICAGO ANN CLG .4% CONDNS DB=>MWB:Des Sens Cool Load [W],ZN_1_FLR_3_SEC_2:CHICAGO ANN HTG 99.6% CONDNS DB:Des Heat Mass Flow [kg/s],ZN_1_FLR_3_SEC_2:CHICAGO ANN CLG .4% CONDNS DB=>MWB:Des Cool Mass Flow [kg/s],ZN_1_FLR_1_SEC_3:CHICAGO ANN HTG 99.6% CONDNS DB:Des Heat Load [W],ZN_1_FLR_1_SEC_3:CHICAGO ANN CLG .4% CONDNS DB=>MWB:Des Sens Cool Load [W],ZN_1_FLR_1_SEC_3:CHICAGO ANN HTG 99.6% CONDNS DB:Des Heat Mass Flow [kg/s],ZN_1_FLR_1_SEC_3:CHICAGO ANN CLG .4% CONDNS DB=>MWB:Des Cool Mass Flow [kg/s],ZN_1_FLR_2_SEC_3:CHICAGO ANN HTG 99.6% CONDNS DB:Des Heat Load [W],ZN_1_FLR_2_SEC_3:CHICAGO ANN CLG .4% CONDNS DB=>MWB:Des Sens Cool Load [W],ZN_1_FLR_2_SEC_3:CHICAGO ANN HTG 99.6% CONDNS DB:Des Heat Mass Flow [kg/s],ZN_1_FLR_2_SEC_3:CHICAGO ANN CLG .4% CONDNS DB=>MWB:Des Cool Mass Flow [kg/s],ZN_1_FLR_3_SEC_3:CHICAGO ANN HTG 99.6% CONDNS DB:Des Heat Load [W],ZN_1_FLR_3_SEC_3:CHICAGO ANN CLG .4% CONDNS DB=>MWB:Des Sens Cool Load [W],ZN_1_FLR_3_SEC_3:CHICAGO ANN HTG 99.6% CONDNS DB:Des Heat Mass Flow [kg/s],ZN_1_FLR_3_SEC_3:CHICAGO ANN CLG .4% CONDNS DB=>MWB:Des Cool Mass Flow [kg/s],ZN_1_FLR_1_SEC_4:CHICAGO ANN HTG 99.6% CONDNS DB:Des Heat Load [W],ZN_1_FLR_1_SEC_4:CHICAGO ANN CLG .4% CONDNS DB=>MWB:Des Sens Cool Load [W],ZN_1_FLR_1_SEC_4:CHICAGO ANN HTG 99.6% CONDNS DB:Des Heat Mass Flow [kg/s],ZN_1_FLR_1_SEC_4:CHICAGO ANN CLG .4% CONDNS DB=>MWB:Des Cool Mass Flow [kg/s],ZN_1_FLR_2_SEC_4:CHICAGO ANN HTG 99.6% CONDNS DB:Des Heat Load [W],ZN_1_FLR_2_SEC_4:CHICAGO ANN CLG .4% CONDNS DB=>MWB:Des Sens Cool Load [W],ZN_1_FLR_2_SEC_4:CHICAGO ANN HTG 99.6% CONDNS DB:Des Heat Mass Flow [kg/s],ZN_1_FLR_2_SEC_4:CHICAGO ANN CLG .4% CONDNS DB=>MWB:Des Cool Mass Flow [kg/s],ZN_1_FLR_3_SEC_4:CHICAGO ANN HTG 99.6% CONDNS DB:Des Heat Load [W],ZN_1_FLR_3_SEC_4:CHICAGO ANN CLG .4% CONDNS DB=>MWB:Des Sens Cool Load [W],ZN_1_FLR_3_SEC_4:CHICAGO ANN HTG 99.6% CONDNS DB:Des Heat Mass Flow [kg/s],ZN_1_FLR_3_SEC_4:CHICAGO ANN CLG .4% CONDNS DB=>MWB:Des Cool Mass Flow [kg/s],ZN_1_FLR_1_SEC_5:CHICAGO ANN HTG 99.6% CONDNS DB:Des Heat Load [W],ZN_1_FLR_1_SEC_5:CHICAGO ANN CLG .4% CONDNS DB=>MWB:Des Sens Cool Load [W],ZN_1_FLR_1_SEC_5:CHICAGO ANN HTG 99.6% CONDNS DB:Des Heat Mass Flow [kg/s],ZN_1_FLR_1_SEC_5:CHICAGO ANN CLG .4% CONDNS DB=>MWB:Des Cool Mass Flow [kg/s],ZN_1_FLR_2_SEC_5:CHICAGO ANN HTG 99.6% CONDNS DB:Des Heat Load [W],ZN_1_FLR_2_SEC_5:CHICAGO ANN CLG .4% CONDNS DB=>MWB:Des Sens Cool Load [W],ZN_1_FLR_2_SEC_5:CHICAGO ANN HTG 99.6% CONDNS DB:Des Heat Mass Flow [kg/s],ZN_1_FLR_2_SEC_5:CHICAGO ANN CLG .4% CONDNS DB=>MWB:Des Cool Mass Flow [kg/s],ZN_1_FLR_3_SEC_5:CHICAGO ANN HTG 99.6% CONDNS DB:Des Heat Load [W],ZN_1_FLR_3_SEC_5:CHICAGO ANN CLG .4% CONDNS DB=>MWB:Des Sens Cool Load [W],ZN_1_FLR_3_SEC_5:CHICAGO ANN HTG 99.6% CONDNS DB:Des Heat Mass Flow [kg/s],ZN_1_FLR_3_SEC_5:CHICAGO ANN CLG .4% CONDNS DB=>MWB:Des Cool Mass Flow [kg/s] 
00:15:00,2.664453E+02,0.000000E+00,9.679875E-03,0.000000E+00,1.624863E+03,0.000000E+00,5.908189E-02,0.000000E+00,1.130165E+03,0.000000E+00,4.105661E-02,0.000000E+00,1.913556E+02,0.000000E+00,6.956548E-03,0.000000E+00,9.294981E+02,0.000000E+00,3.377768E-02,0.000000E+00,5.340640E+02,0.000000E+00,1.939963E-02,0.000000E+00,2.411705E+02,0.000000E+00,8.762506E-03,0.000000E+00,1.585043E+03,0.000000E+00,5.763484E-02,0.000000E+00,1.117869E+03,0.000000E+00,4.061093E-02,0.000000E+00,1.850631E+02,0.000000E+00,6.727387E-03,0.000000E+00,9.361998E+02,0.000000E+00,3.402056E-02,0.000000E+00,5.423866E+02,0.000000E+00,1.970461E-02,0.000000E+00,0.000000E+00,0.000000E+00,0.000000E+00,0.000000E+00,0.000000E+00,0.000000E+00,0.000000E+00,0.000000E+00,0.000000E+00,0.000000E+00,0.000000E+00,0.000000E+00 
00:30:00,4.739098E+02,0.000000E+00,1.721388E-02,0.000000E+00,2.506707E+03,0.000000E+00,9.110367E-02,0.000000E+00,1.534700E+03,0.000000E+00,5.573681E-02,0.000000E+00,3.127258E+02,0.000000E+00,1.136379E-02,0.000000E+00,1.386309E+03,0.000000E+00,5.036372E-02,0.000000E+00,7.208522E+02,0.000000E+00,2.617505E-02,0.000000E+00,4.399464E+02,0.000000E+00,1.598104E-02,0.000000E+00,2.455354E+03,0.000000E+00,8.923794E-02,0.000000E+00,1.526184E+03,0.000000E+00,5.542829E-02,0.000000E+00,3.045585E+02,0.000000E+00,1.106656E-02,0.000000E+00,1.393834E+03,0.000000E+00,5.063654E-02,0.000000E+00,7.287818E+02,0.000000E+00,2.646298E-02,0.000000E+00,0.000000E+00,0.000000E+00,0.000000E+00,0.000000E+00,0.000000E+00,0.000000E+00,0.000000E+00,0.000000E+00,0.000000E+00,0.000000E+00,0.000000E+00,0.000000E+00 
00:45:00,7.102468E+02,0.000000E+00,2.579527E-02,0.000000E+00,3.192633E+03,0.000000E+00,1.159357E-01,0.000000E+00,1.800462E+03,0.000000E+00,6.537384E-02,0.000000E+00,4.272489E+02,0.000000E+00,1.551489E-02,0.000000E+00,1.709815E+03,0.000000E+00,6.208632E-02,0.000000E+00,8.458242E+02,0.000000E+00,3.071059E-02,0.000000E+00,6.742419E+02,0.000000E+00,2.448903E-02,0.000000E+00,3.144837E+03,0.000000E+00,1.142003E-01,0.000000E+00,1.797199E+03,0.000000E+00,6.525560E-02,0.000000E+00,4.194922E+02,0.000000E+00,1.523324E-02,0.000000E+00,1.717054E+03,0.000000E+00,6.234911E-02,0.000000E+00,8.534218E+02,0.000000E+00,3.098640E-02,0.000000E+00,0.000000E+00,0.000000E+00,0.000000E+00,0.000000E+00,0.000000E+00,0.000000E+00,0.000000E+00,0.000000E+00,0.000000E+00,0.000000E+00,0.000000E+00,0.000000E+00 
01:00:00,8.831322E+02,0.000000E+00,3.206971E-02,0.000000E+00,3.687098E+03,0.000000E+00,1.338836E-01,0.000000E+00,2.004549E+03,0.000000E+00,7.277994E-02,0.000000E+00,5.084627E+02,0.000000E+00,1.846297E-02,0.000000E+00,1.943872E+03,0.000000E+00,7.058103E-02,0.000000E+00,9.395720E+02,0.000000E+00,3.411256E-02,0.000000E+00,8.490718E+02,0.000000E+00,3.083308E-02,0.000000E+00,3.642612E+03,0.000000E+00,1.322686E-01,0.000000E+00,2.005678E+03,0.000000E+00,7.282114E-02,0.000000E+00,5.010214E+02,0.000000E+00,1.819281E-02,0.000000E+00,1.950931E+03,0.000000E+00,7.083732E-02,0.000000E+00,9.470674E+02,0.000000E+00,3.438464E-02,0.000000E+00,0.000000E+00,0.000000E+00,0.000000E+00,0.000000E+00,0.000000E+00,0.000000E+00,0.000000E+00,0.000000E+00,0.000000E+00,0.000000E+00,0.000000E+00,0.000000E+00 
01:15:00,1.013838E+03,0.000000E+00,3.681470E-02,0.000000E+00,4.082923E+03,0.000000E+00,1.482508E-01,0.000000E+00,2.176333E+03,0.000000E+00,7.901412E-02,0.000000E+00,5.697054E+02,0.000000E+00,2.068592E-02,0.000000E+00,2.126405E+03,0.000000E+00,7.720581E-02,0.000000E+00,1.016876E+03,0.000000E+00,3.691787E-02,0.000000E+00,9.815314E+02,0.000000E+00,3.564180E-02,0.000000E+00,4.039071E+03,0.000000E+00,1.466589E-01,0.000000E+00,2.184077E+03,0.000000E+00,7.929541E-02,0.000000E+00,5.624385E+02,0.000000E+00,2.042211E-02,0.000000E+00,2.133325E+03,0.000000E+00,7.745701E-02,0.000000E+00,1.024162E+03,0.000000E+00,3.718233E-02,0.000000E+00,0.000000E+00,0.000000E+00,0.000000E+00,0.000000E+00,0.000000E+00,0.000000E+00,0.000000E+00,0.000000E+00,1.186677E+01,0.000000E+00,4.338971E-04,0.000000E+00 
01:30:00,1.119485E+03,0.000000E+00,4.064847E-02,0.000000E+00,4.414273E+03,0.000000E+00,1.602717E-01,0.000000E+00,2.322028E+03,0.000000E+00,8.429755E-02,0.000000E+00,6.183057E+02,0.000000E+00,2.244921E-02,0.000000E+00,2.275257E+03,0.000000E+00,8.260504E-02,0.000000E+00,1.079952E+03,0.000000E+00,3.920517E-02,0.000000E+00,1.087756E+03,0.000000E+00,3.949667E-02,0.000000E+00,4.370107E+03,0.000000E+00,1.586685E-01,0.000000E+00,2.334407E+03,0.000000E+00,8.474737E-02,0.000000E+00,6.111641E+02,0.000000E+00,2.218996E-02,0.000000E+00,2.282063E+03,0.000000E+00,8.285208E-02,0.000000E+00,1.087014E+03,0.000000E+00,3.946150E-02,0.000000E+00,0.000000E+00,0.000000E+00,0.000000E+00,0.000000E+00,0.000000E+00,0.000000E+00,0.000000E+00,0.000000E+00,4.823363E+01,0.000000E+00,1.754757E-03,0.000000E+00 
01:45:00,1.208208E+03,0.000000E+00,4.386754E-02,0.000000E+00,4.701678E+03,0.000000E+00,1.706964E-01,0.000000E+00,2.440426E+03,0.000000E+00,8.858948E-02,0.000000E+00,6.585314E+02,0.000000E+00,2.390841E-02,0.000000E+00,2.402163E+03,0.000000E+00,8.720724E-02,0.000000E+00,1.134059E+03,0.000000E+00,4.116671E-02,0.000000E+00,1.176692E+03,0.000000E+00,4.272353E-02,0.000000E+00,4.656002E+03,0.000000E+00,1.690384E-01,0.000000E+00,2.460131E+03,0.000000E+00,8.930561E-02,0.000000E+00,6.514765E+02,0.000000E+00,2.365233E-02,0.000000E+00,2.408804E+03,0.000000E+00,8.744829E-02,0.000000E+00,1.141189E+03,0.000000E+00,4.142546E-02,0.000000E+00,0.000000E+00,0.000000E+00,0.000000E+00,0.000000E+00,0.000000E+00,0.000000E+00,0.000000E+00,0.000000E+00,1.047726E+02,0.000000E+00,3.807999E-03,0.000000E+00 
02:00:00,1.285118E+03,0.000000E+00,4.665762E-02,0.000000E+00,4.960583E+03,0.000000E+00,1.800862E-01,0.000000E+00,2.543176E+03,0.000000E+00,9.231220E-02,0.000000E+00,6.933737E+02,0.000000E+00,2.517217E-02,0.000000E+00,2.507921E+03,0.000000E+00,9.104136E-02,0.000000E+00,1.184451E+03,0.000000E+00,4.299380E-02,0.000000E+00,1.253391E+03,0.000000E+00,4.550603E-02,0.000000E+00,4.911813E+03,0.000000E+00,1.783159E-01,0.000000E+00,2.567024E+03,0.000000E+00,9.317993E-02,0.000000E+00,6.864193E+02,0.000000E+00,2.491976E-02,0.000000E+00,2.514636E+03,0.000000E+00,9.128505E-02,0.000000E+00,1.191637E+03,0.000000E+00,4.325464E-02,0.000000E+00,0.000000E+00,0.000000E+00,0.000000E+00,0.000000E+00,0.000000E+00,0.000000E+00,0.000000E+00,0.000000E+00,1.771174E+02,0.000000E+00,6.434967E-03,0.000000E+00 
02:15:00,1.354567E+03,0.000000E+00,4.917669E-02,0.000000E+00,5.192823E+03,0.000000E+00,1.885072E-01,0.000000E+00,2.634598E+03,0.000000E+00,9.562472E-02,0.000000E+00,7.234295E+02,0.000000E+00,2.626211E-02,0.000000E+00,2.602006E+03,0.000000E+00,9.445103E-02,0.000000E+00,1.230410E+03,0.000000E+00,4.466052E-02,0.000000E+00,1.321932E+03,0.000000E+00,4.799217E-02,0.000000E+00,5.142479E+03,0.000000E+00,1.866797E-01,0.000000E+00,2.655648E+03,0.000000E+00,9.639038E-02,0.000000E+00,7.165671E+02,0.000000E+00,2.601305E-02,0.000000E+00,2.608646E+03,0.000000E+00,9.469205E-02,0.000000E+00,1.237794E+03,0.000000E+00,4.492853E-02,0.000000E+00,0.000000E+00,0.000000E+00,0.000000E+00,0.000000E+00,0.000000E+00,0.000000E+00,0.000000E+00,0.000000E+00,2.516399E+02,0.000000E+00,9.137744E-03,0.000000E+00 
02:30:00,1.417404E+03,0.000000E+00,5.145687E-02,0.000000E+00,5.401253E+03,0.000000E+00,1.960688E-01,0.000000E+00,2.718117E+03,0.000000E+00,9.865455E-02,0.000000E+00,7.495571E+02,0.000000E+00,2.721008E-02,0.000000E+00,2.686905E+03,0.000000E+00,9.753075E-02,0.000000E+00,1.273931E+03,0.000000E+00,4.624075E-02,0.000000E+00,1.384617E+03,0.000000E+00,5.026681E-02,0.000000E+00,5.353158E+03,0.000000E+00,1.943232E-01,0.000000E+00,2.735237E+03,0.000000E+00,9.927580E-02,0.000000E+00,7.428001E+02,0.000000E+00,2.696486E-02,0.000000E+00,2.693492E+03,0.000000E+00,9.776990E-02,0.000000E+00,1.281558E+03,0.000000E+00,4.651761E-02,0.000000E+00,0.000000E+00,0.000000E+00,0.000000E+00,0.000000E+00,0.000000E+00,0.000000E+00,0.000000E+00,0.000000E+00,3.134335E+02,0.000000E+00,1.138073E-02,0.000000E+00 
02:45:00,1.474467E+03,0.000000E+00,5.352760E-02,0.000000E+00,5.592786E+03,0.000000E+00,2.030174E-01,0.000000E+00,2.799466E+03,0.000000E+00,1.016074E-01,0.000000E+00,7.724342E+02,0.000000E+00,2.804011E-02,0.000000E+00,2.765629E+03,0.000000E+00,1.003872E-01,0.000000E+00,1.314429E+03,0.000000E+00,4.771187E-02,0.000000E+00,1.441476E+03,0.000000E+00,5.233019E-02,0.000000E+00,5.548197E+03,0.000000E+00,2.014000E-01,0.000000E+00,2.808940E+03,0.000000E+00,1.019500E-01,0.000000E+00,7.657597E+02,0.000000E+00,2.779790E-02,0.000000E+00,2.772199E+03,0.000000E+00,1.006257E-01,0.000000E+00,1.322112E+03,0.000000E+00,4.799081E-02,0.000000E+00,0.000000E+00,0.000000E+00,0.000000E+00,0.000000E+00,0.000000E+00,0.000000E+00,0.000000E+00,0.000000E+00,3.642101E+02,0.000000E+00,1.322350E-02,0.000000E+00 
03:00:00,1.526806E+03,0.000000E+00,5.542694E-02,0.000000E+00,5.770582E+03,0.000000E+00,2.094682E-01,0.000000E+00,2.875739E+03,0.000000E+00,1.043780E-01,0.000000E+00,7.929576E+02,0.000000E+00,2.878469E-02,0.000000E+00,2.840430E+03,0.000000E+00,1.031017E-01,0.000000E+00,1.351631E+03,0.000000E+00,4.906327E-02,0.000000E+00,1.493514E+03,0.000000E+00,5.421857E-02,0.000000E+00,5.731450E+03,0.000000E+00,2.080495E-01,0.000000E+00,2.881483E+03,0.000000E+00,1.045836E-01,0.000000E+00,7.863246E+02,0.000000E+00,2.854398E-02,0.000000E+00,2.846731E+03,0.000000E+00,1.033304E-01,0.000000E+00,1.359362E+03,0.000000E+00,4.934393E-02,0.000000E+00,0.000000E+00,0.000000E+00,0.000000E+00,0.000000E+00,0.000000E+00,0.000000E+00,0.000000E+00,0.000000E+00,4.075032E+02,0.000000E+00,1.479441E-02,0.000000E+00 
03:15:00,1.575162E+03,0.000000E+00,5.718174E-02,0.000000E+00,5.937324E+03,0.000000E+00,2.155182E-01,0.000000E+00,2.948917E+03,0.000000E+00,1.070358E-01,0.000000E+00,8.118840E+02,0.000000E+00,2.947139E-02,0.000000E+00,2.907532E+03,0.000000E+00,1.055371E-01,0.000000E+00,1.385948E+03,0.000000E+00,5.030971E-02,0.000000E+00,1.541467E+03,0.000000E+00,5.595873E-02,0.000000E+00,5.904770E+03,0.000000E+00,2.143391E-01,0.000000E+00,2.953659E+03,0.000000E+00,1.072053E-01,0.000000E+00,8.052737E+02,0.000000E+00,2.923148E-02,0.000000E+00,2.913844E+03,0.000000E+00,1.057661E-01,0.000000E+00,1.393712E+03,0.000000E+00,5.059158E-02,0.000000E+00,0.000000E+00,0.000000E+00,0.000000E+00,0.000000E+00,0.000000E+00,0.000000E+00,0.000000E+00,0.000000E+00,4.459756E+02,0.000000E+00,1.619039E-02,0.000000E+00 
03:30:00,1.620075E+03,0.000000E+00,5.881157E-02,0.000000E+00,6.095984E+03,0.000000E+00,2.212753E-01,0.000000E+00,3.017739E+03,0.000000E+00,1.095359E-01,0.000000E+00,8.296993E+02,0.000000E+00,3.011788E-02,0.000000E+00,2.970594E+03,0.000000E+00,1.078249E-01,0.000000E+00,1.417730E+03,0.000000E+00,5.146402E-02,0.000000E+00,1.586410E+03,0.000000E+00,5.758965E-02,0.000000E+00,6.067525E+03,0.000000E+00,2.202454E-01,0.000000E+00,3.021029E+03,0.000000E+00,1.096538E-01,0.000000E+00,8.230822E+02,0.000000E+00,2.987772E-02,0.000000E+00,2.976891E+03,0.000000E+00,1.080535E-01,0.000000E+00,1.425517E+03,0.000000E+00,5.174672E-02,0.000000E+00,0.000000E+00,0.000000E+00,0.000000E+00,0.000000E+00,0.000000E+00,0.000000E+00,0.000000E+00,0.000000E+00,4.812563E+02,0.000000E+00,1.747071E-02,0.000000E+00 
03:45:00,1.661765E+03,0.000000E+00,6.032438E-02,0.000000E+00,6.244665E+03,0.000000E+00,2.266706E-01,0.000000E+00,3.082808E+03,0.000000E+00,1.118993E-01,0.000000E+00,8.467994E+02,0.000000E+00,3.073853E-02,0.000000E+00,3.030089E+03,0.000000E+00,1.099838E-01,0.000000E+00,1.447289E+03,0.000000E+00,5.253752E-02,0.000000E+00,1.628918E+03,0.000000E+00,5.913228E-02,0.000000E+00,6.220650E+03,0.000000E+00,2.258018E-01,0.000000E+00,3.084970E+03,0.000000E+00,1.119767E-01,0.000000E+00,8.401875E+02,0.000000E+00,3.049854E-02,0.000000E+00,3.036365E+03,0.000000E+00,1.102116E-01,0.000000E+00,1.455091E+03,0.000000E+00,5.282079E-02,0.000000E+00,0.000000E+00,0.000000E+00,0.000000E+00,0.000000E+00,2.770687E+01,0.000000E+00,1.006361E-03,0.000000E+00,5.153738E+02,0.000000E+00,1.870902E-02,0.000000E+00 
04:00:00,1.701186E+03,0.000000E+00,6.175475E-02,0.000000E+00,6.383847E+03,0.000000E+00,2.317205E-01,0.000000E+00,3.144394E+03,0.000000E+00,1.141359E-01,0.000000E+00,8.630971E+02,0.000000E+00,3.133014E-02,0.000000E+00,3.087085E+03,0.000000E+00,1.120522E-01,0.000000E+00,1.474887E+03,0.000000E+00,5.353980E-02,0.000000E+00,1.669333E+03,0.000000E+00,6.059907E-02,0.000000E+00,6.364694E+03,0.000000E+00,2.310284E-01,0.000000E+00,3.145639E+03,0.000000E+00,1.141802E-01,0.000000E+00,8.565255E+02,0.000000E+00,3.109162E-02,0.000000E+00,3.093313E+03,0.000000E+00,1.122783E-01,0.000000E+00,1.482700E+03,0.000000E+00,5.382346E-02,0.000000E+00,0.000000E+00,0.000000E+00,0.000000E+00,0.000000E+00,8.314066E+01,0.000000E+00,3.019676E-03,0.000000E+00,5.485966E+02,0.000000E+00,1.991511E-02,0.000000E+00 
04:15:00,1.738484E+03,0.000000E+00,6.310822E-02,0.000000E+00,6.513248E+03,0.000000E+00,2.364147E-01,0.000000E+00,3.202793E+03,0.000000E+00,1.162567E-01,0.000000E+00,8.783269E+02,0.000000E+00,3.188295E-02,0.000000E+00,3.143663E+03,0.000000E+00,1.141058E-01,0.000000E+00,1.500654E+03,0.000000E+00,5.447552E-02,0.000000E+00,1.708385E+03,0.000000E+00,6.201648E-02,0.000000E+00,6.499929E+03,0.000000E+00,2.359349E-01,0.000000E+00,3.203270E+03,0.000000E+00,1.162733E-01,0.000000E+00,8.718180E+02,0.000000E+00,3.164673E-02,0.000000E+00,3.149893E+03,0.000000E+00,1.143319E-01,0.000000E+00,1.508473E+03,0.000000E+00,5.475939E-02,0.000000E+00,0.000000E+00,0.000000E+00,0.000000E+00,0.000000E+00,1.628783E+02,0.000000E+00,5.915536E-03,0.000000E+00,5.794954E+02,0.000000E+00,2.103692E-02,0.000000E+00 
04:30:00,1.774350E+03,0.000000E+00,6.440975E-02,0.000000E+00,6.631152E+03,0.000000E+00,2.406910E-01,0.000000E+00,3.258013E+03,0.000000E+00,1.182620E-01,0.000000E+00,8.925582E+02,0.000000E+00,3.239941E-02,0.000000E+00,3.198408E+03,0.000000E+00,1.160937E-01,0.000000E+00,1.524997E+03,0.000000E+00,5.535951E-02,0.000000E+00,1.745547E+03,0.000000E+00,6.336528E-02,0.000000E+00,6.626215E+03,0.000000E+00,2.405162E-01,0.000000E+00,3.257832E+03,0.000000E+00,1.182548E-01,0.000000E+00,8.861766E+02,0.000000E+00,3.216783E-02,0.000000E+00,3.204686E+03,0.000000E+00,1.163215E-01,0.000000E+00,1.532819E+03,0.000000E+00,5.564350E-02,0.000000E+00,0.000000E+00,0.000000E+00,0.000000E+00,0.000000E+00,2.650196E+02,0.000000E+00,9.624871E-03,0.000000E+00,6.082295E+02,0.000000E+00,2.208009E-02,0.000000E+00 
04:45:00,1.808922E+03,0.000000E+00,6.566440E-02,0.000000E+00,6.739161E+03,0.000000E+00,2.446065E-01,0.000000E+00,3.310727E+03,0.000000E+00,1.201762E-01,0.000000E+00,9.058769E+02,0.000000E+00,3.288260E-02,0.000000E+00,3.252156E+03,0.000000E+00,1.180453E-01,0.000000E+00,1.547872E+03,0.000000E+00,5.619020E-02,0.000000E+00,1.781087E+03,0.000000E+00,6.465519E-02,0.000000E+00,6.742288E+03,0.000000E+00,2.447262E-01,0.000000E+00,3.309968E+03,0.000000E+00,1.201481E-01,0.000000E+00,8.994909E+02,0.000000E+00,3.265090E-02,0.000000E+00,3.258526E+03,0.000000E+00,1.182764E-01,0.000000E+00,1.555696E+03,0.000000E+00,5.647422E-02,0.000000E+00,0.000000E+00,0.000000E+00,0.000000E+00,0.000000E+00,3.603682E+02,0.000000E+00,1.308717E-02,0.000000E+00,6.349431E+02,0.000000E+00,2.304989E-02,0.000000E+00 
05:00:00,1.841918E+03,0.000000E+00,6.686200E-02,0.000000E+00,6.843413E+03,0.000000E+00,2.483858E-01,0.000000E+00,3.360739E+03,0.000000E+00,1.219922E-01,0.000000E+00,9.187420E+02,0.000000E+00,3.334940E-02,0.000000E+00,3.305302E+03,0.000000E+00,1.199752E-01,0.000000E+00,1.569490E+03,0.000000E+00,5.697519E-02,0.000000E+00,1.815320E+03,0.000000E+00,6.589760E-02,0.000000E+00,6.850673E+03,0.000000E+00,2.486558E-01,0.000000E+00,3.359469E+03,0.000000E+00,1.219456E-01,0.000000E+00,9.123305E+02,0.000000E+00,3.311673E-02,0.000000E+00,3.311849E+03,0.000000E+00,1.202128E-01,0.000000E+00,1.577312E+03,0.000000E+00,5.725915E-02,0.000000E+00,0.000000E+00,0.000000E+00,0.000000E+00,0.000000E+00,4.476610E+02,0.000000E+00,1.625667E-02,0.000000E+00,6.597970E+02,0.000000E+00,2.395218E-02,0.000000E+00 
05:15:00,1.873674E+03,0.000000E+00,6.801446E-02,0.000000E+00,6.945647E+03,0.000000E+00,2.520943E-01,0.000000E+00,3.408395E+03,0.000000E+00,1.237227E-01,0.000000E+00,9.314367E+02,0.000000E+00,3.381015E-02,0.000000E+00,3.357689E+03,0.000000E+00,1.218779E-01,0.000000E+00,1.590094E+03,0.000000E+00,5.772337E-02,0.000000E+00,1.847989E+03,0.000000E+00,6.708320E-02,0.000000E+00,6.950142E+03,0.000000E+00,2.522623E-01,0.000000E+00,3.406666E+03,0.000000E+00,1.236594E-01,0.000000E+00,9.249636E+02,0.000000E+00,3.357522E-02,0.000000E+00,3.364270E+03,0.000000E+00,1.221168E-01,0.000000E+00,1.597913E+03,0.000000E+00,5.800723E-02,0.000000E+00,3.829658E+00,0.000000E+00,1.392183E-04,0.000000E+00,5.291689E+02,0.000000E+00,1.921590E-02,0.000000E+00,6.829482E+02,0.000000E+00,2.479263E-02,0.000000E+00 
05:30:00,1.903877E+03,0.000000E+00,6.911046E-02,0.000000E+00,7.049257E+03,0.000000E+00,2.558546E-01,0.000000E+00,3.454140E+03,0.000000E+00,1.253837E-01,0.000000E+00,9.440287E+02,0.000000E+00,3.426730E-02,0.000000E+00,3.408627E+03,0.000000E+00,1.237278E-01,0.000000E+00,1.609566E+03,0.000000E+00,5.843041E-02,0.000000E+00,1.879487E+03,0.000000E+00,6.822629E-02,0.000000E+00,7.040483E+03,0.000000E+00,2.555366E-01,0.000000E+00,3.451990E+03,0.000000E+00,1.253052E-01,0.000000E+00,9.374297E+02,0.000000E+00,3.402777E-02,0.000000E+00,3.415237E+03,0.000000E+00,1.239677E-01,0.000000E+00,1.617380E+03,0.000000E+00,5.871412E-02,0.000000E+00,1.346654E+01,0.000000E+00,4.892329E-04,0.000000E+00,6.057417E+02,0.000000E+00,2.199578E-02,0.000000E+00,7.045403E+02,0.000000E+00,2.557648E-02,0.000000E+00 
05:45:00,1.932842E+03,0.000000E+00,7.016146E-02,0.000000E+00,7.153369E+03,0.000000E+00,2.596356E-01,0.000000E+00,3.497679E+03,0.000000E+00,1.269646E-01,0.000000E+00,9.566971E+02,0.000000E+00,3.472738E-02,0.000000E+00,3.458682E+03,0.000000E+00,1.255455E-01,0.000000E+00,1.628185E+03,0.000000E+00,5.910649E-02,0.000000E+00,1.909705E+03,0.000000E+00,6.932286E-02,0.000000E+00,7.126564E+03,0.000000E+00,2.586558E-01,0.000000E+00,3.495146E+03,0.000000E+00,1.268723E-01,0.000000E+00,9.500616E+02,0.000000E+00,3.448648E-02,0.000000E+00,3.465315E+03,0.000000E+00,1.257863E-01,0.000000E+00,1.635995E+03,0.000000E+00,5.939003E-02,0.000000E+00,2.847325E+01,0.000000E+00,1.034263E-03,0.000000E+00,6.779096E+02,0.000000E+00,2.461560E-02,0.000000E+00,7.246990E+02,0.000000E+00,2.630827E-02,0.000000E+00 
06:00:00,1.960391E+03,0.000000E+00,7.116100E-02,0.000000E+00,7.253362E+03,0.000000E+00,2.632677E-01,0.000000E+00,3.539553E+03,0.000000E+00,1.284850E-01,0.000000E+00,9.691404E+02,0.000000E+00,3.517931E-02,0.000000E+00,3.507254E+03,0.000000E+00,1.273092E-01,0.000000E+00,1.645946E+03,0.000000E+00,5.975140E-02,0.000000E+00,1.938624E+03,0.000000E+00,7.037225E-02,0.000000E+00,7.210203E+03,0.000000E+00,2.616890E-01,0.000000E+00,3.536665E+03,0.000000E+00,1.283798E-01,0.000000E+00,9.624655E+02,0.000000E+00,3.493700E-02,0.000000E+00,3.513902E+03,0.000000E+00,1.275506E-01,0.000000E+00,1.653751E+03,0.000000E+00,6.003477E-02,0.000000E+00,4.838312E+01,0.000000E+00,1.757348E-03,0.000000E+00,7.460194E+02,0.000000E+00,2.708800E-02,0.000000E+00,7.435276E+02,0.000000E+00,2.699176E-02,0.000000E+00 
06:15:00,3.022968E+03,3.960290E+02,1.198601E-01,3.511211E-02,1.036442E+04,1.609768E+03,4.085822E-01,1.370684E-01,4.976806E+03,5.004885E+02,1.975252E-01,4.318665E-02,1.464495E+03,2.685097E+02,5.836608E-02,2.306952E-02,5.022890E+03,9.623674E+02,1.993689E-01,8.003907E-02,2.289841E+03,3.085973E+02,9.099886E-02,2.583493E-02,3.065489E+03,5.007594E+02,1.219960E-01,4.394050E-02,1.019465E+04,1.862992E+03,4.011323E-01,1.576620E-01,4.966348E+03,6.137926E+02,1.970699E-01,5.228248E-02,1.456470E+03,1.629546E+02,5.804843E-02,1.435707E-02,5.030331E+03,6.667473E+02,1.996597E-01,5.641174E-02,2.298431E+03,2.000608E+02,9.133215E-02,1.729105E-02,6.731794E+02,1.777740E+02,2.875487E-02,1.592785E-02,2.370652E+03,7.384017E+02,9.778417E-02,6.368433E-02,1.301496E+03,2.438077E+02,5.237759E-02,2.110681E-02 
06:30:00,4.187865E+03,7.256303E+02,1.873154E-01,6.744770E-02,1.414784E+04,3.140971E+03,6.309925E-01,2.873096E-01,6.367981E+03,9.613334E+02,2.824400E-01,8.840409E-02,2.046652E+03,6.439112E+02,9.200520E-02,5.990719E-02,6.893368E+03,2.360942E+03,3.088815E-01,2.172420E-01,2.951069E+03,7.724223E+02,1.311572E-01,7.134083E-02,4.222694E+03,9.755217E+02,1.889588E-01,9.052547E-02,1.397186E+04,3.850163E+03,6.230921E-01,3.526521E-01,6.354871E+03,1.265325E+03,2.818403E-01,1.162148E-01,2.037779E+03,3.283183E+02,9.161954E-02,3.058114E-02,6.901658E+03,1.423238E+03,3.092403E-01,1.306409E-01,2.960233E+03,4.146157E+02,1.315483E-01,3.834378E-02,1.247893E+03,3.328687E+02,5.850459E-02,3.114439E-02,4.173153E+03,1.477798E+03,1.933877E-01,1.362388E-01,2.000870E+03,4.822728E+02,9.120371E-02,4.450668E-02 
06:45:00,5.133602E+03,1.056421E+03,2.436241E-01,9.993586E-02,1.722305E+04,4.616950E+03,8.174680E-01,4.323242E-01,7.407318E+03,1.408963E+03,3.496000E-01,1.323791E-01,2.517028E+03,1.061036E+03,1.199823E-01,1.009047E-01,8.404609E+03,3.851996E+03,4.002785E-01,3.637857E-01,3.448130E+03,1.276334E+03,1.630753E-01,1.208703E-01,5.163808E+03,1.452662E+03,2.449474E-01,1.374005E-01,1.705226E+04,5.781872E+03,8.096248E-01,5.424822E-01,7.392680E+03,1.904160E+03,3.489103E-01,1.789917E-01,2.507452E+03,4.915779E+02,1.195348E-01,4.661792E-02,8.413651E+03,2.140906E+03,4.007014E-01,2.011581E-01,3.457813E+03,6.211225E+02,1.635224E-01,5.863183E-02,1.706683E+03,4.859275E+02,8.237885E-02,4.617396E-02,5.605895E+03,2.176923E+03,2.702188E-01,2.049113E-01,2.522257E+03,7.078414E+02,1.209630E-01,6.666245E-02 
07:00:00,5.969837E+03,1.395834E+03,2.944194E-01,1.332574E-01,1.994614E+04,6.094977E+03,9.862719E-01,5.774245E-01,8.263952E+03,1.859892E+03,4.075641E-01,1.766473E-01,2.928061E+03,1.526381E+03,1.449678E-01,1.465867E-01,9.725904E+03,5.475358E+03,4.821387E-01,5.231252E-01,3.855636E+03,1.832110E+03,1.904865E-01,1.754251E-01,5.995154E+03,1.931768E+03,2.954155E-01,1.844359E-01,1.978136E+04,7.693582E+03,9.785134E-01,7.301566E-01,8.247093E+03,2.540218E+03,4.067471E-01,2.414341E-01,2.917831E+03,6.551491E+02,1.444608E-01,6.267482E-02,9.735661E+03,2.843966E+03,4.826240E-01,2.701677E-01,3.865817E+03,8.252278E+02,1.909890E-01,7.866625E-02,2.093844E+03,6.392284E+02,1.026541E-01,6.122018E-02,6.809997E+03,2.856852E+03,3.355578E-01,2.716405E-01,2.934002E+03,9.272962E+02,1.451534E-01,8.819980E-02 
07:15:00,5.690749E+03,1.350158E+03,2.935002E-01,1.325260E-01,1.939727E+04,5.979645E+03,1.000384E+00,5.869752E-01,7.596545E+03,1.818361E+03,3.915627E-01,1.784910E-01,2.813654E+03,1.768345E+03,1.450800E-01,1.735887E-01,9.441878E+03,6.264395E+03,4.867887E-01,6.148610E-01,3.574010E+03,2.129152E+03,1.841314E-01,2.089921E-01,5.648091E+03,1.903639E+03,2.912900E-01,1.868664E-01,1.935362E+04,7.702498E+03,9.981600E-01,7.561246E-01,7.584409E+03,2.552196E+03,3.909399E-01,2.505388E-01,2.804117E+03,6.565761E+02,1.445890E-01,6.444508E-02,9.451539E+03,2.871797E+03,4.872859E-01,2.818848E-01,3.583716E+03,8.283934E+02,1.846298E-01,8.131043E-02,1.824830E+03,6.151561E+02,9.407424E-02,6.037147E-02,6.287065E+03,2.784976E+03,3.241807E-01,2.733312E-01,2.727341E+03,8.986141E+02,1.406372E-01,8.819336E-02 
07:30:00,5.249668E+03,1.382382E+03,2.708586E-01,1.356861E-01,1.797886E+04,5.965255E+03,9.276344E-01,5.854967E-01,6.880538E+03,1.826403E+03,3.549701E-01,1.792627E-01,2.581291E+03,1.943392E+03,1.331812E-01,1.907231E-01,8.700431E+03,6.733076E+03,4.488838E-01,6.607344E-01,3.229048E+03,2.315886E+03,1.665645E-01,2.272717E-01,5.210796E+03,1.887942E+03,2.688526E-01,1.853050E-01,1.794273E+04,7.529594E+03,9.257722E-01,7.390435E-01,6.868094E+03,2.508912E+03,3.543287E-01,2.462525E-01,2.571959E+03,6.565656E+02,1.326999E-01,6.443822E-02,8.709919E+03,2.804758E+03,4.493731E-01,2.752591E-01,3.238630E+03,8.169565E+02,1.670582E-01,8.017570E-02,1.566085E+03,6.138872E+02,8.077887E-02,6.024212E-02,5.459261E+03,2.701651E+03,2.816165E-01,2.651076E-01,2.321287E+03,8.717962E+02,1.197638E-01,8.554670E-02 
07:45:00,4.981626E+03,1.424507E+03,2.570879E-01,1.397745E-01,1.711389E+04,6.030286E+03,8.832092E-01,5.915914E-01,6.443447E+03,1.858154E+03,3.325272E-01,1.822974E-01,2.436871E+03,2.110764E+03,1.257625E-01,2.070270E-01,8.238151E+03,7.210722E+03,4.251527E-01,7.071865E-01,3.013293E+03,2.501783E+03,1.555008E-01,2.453662E-01,4.943199E+03,1.853053E+03,2.551050E-01,1.817957E-01,1.707767E+04,7.346970E+03,8.813391E-01,7.207025E-01,6.429553E+03,2.457109E+03,3.318103E-01,2.410315E-01,2.427647E+03,6.598069E+02,1.252865E-01,6.472818E-02,8.247540E+03,2.773890E+03,4.256373E-01,2.720760E-01,3.022820E+03,8.140702E+02,1.559923E-01,7.985182E-02,1.392996E+03,6.142439E+02,7.187971E-02,6.025698E-02,4.903783E+03,2.649114E+03,2.530510E-01,2.598276E-01,2.049519E+03,8.546434E+02,1.057715E-01,8.382458E-02 
08:00:00,4.786244E+03,1.470448E+03,2.470265E-01,1.442446E-01,1.647478E+04,6.124303E+03,8.502982E-01,6.006299E-01,6.130819E+03,1.899542E+03,3.164248E-01,1.863029E-01,2.332977E+03,2.256614E+03,1.204107E-01,2.212595E-01,7.901935E+03,7.637256E+03,4.078376E-01,7.487903E-01,2.859606E+03,2.667381E+03,1.475888E-01,2.615250E-01,4.748198E+03,1.803573E+03,2.450631E-01,1.768839E-01,1.643833E+04,7.134843E+03,8.484164E-01,6.996523E-01,6.116198E+03,2.391496E+03,3.156703E-01,2.345147E-01,2.323828E+03,6.652586E+02,1.199385E-01,6.524370E-02,7.911255E+03,2.760803E+03,4.083185E-01,2.707078E-01,2.869102E+03,8.159618E+02,1.480788E-01,8.001316E-02,1.267995E+03,6.134031E+02,6.543993E-02,6.016000E-02,4.500002E+03,2.606440E+03,2.322463E-01,2.555723E-01,1.853585E+03,8.403871E+02,9.566811E-02,8.240423E-02 
08:15:00,4.639362E+03,1.547238E+03,2.394530E-01,1.517504E-01,1.598631E+04,6.326136E+03,8.251097E-01,6.203226E-01,5.897185E+03,1.978009E+03,3.043751E-01,1.939665E-01,2.256036E+03,2.393624E+03,1.164424E-01,2.346574E-01,7.649431E+03,8.048031E+03,3.948153E-01,7.889589E-01,2.745832E+03,2.824965E+03,1.417219E-01,2.769364E-01,4.601646E+03,1.787279E+03,2.375064E-01,1.752535E-01,1.594961E+04,7.039072E+03,8.232154E-01,6.901483E-01,5.882193E+03,2.362754E+03,3.036014E-01,2.316580E-01,2.246942E+03,6.843233E+02,1.159730E-01,6.710209E-02,7.658697E+03,2.797256E+03,3.952936E-01,2.742441E-01,2.755481E+03,8.339697E+02,1.422200E-01,8.176694E-02,1.176177E+03,6.232587E+02,6.070479E-02,6.111723E-02,4.200482E+03,2.607253E+03,2.167982E-01,2.556188E-01,1.708874E+03,8.407227E+02,8.820134E-02,8.242643E-02 
08:30:00,4.525057E+03,1.638211E+03,2.335558E-01,1.606568E-01,1.559896E+04,6.583477E+03,8.051243E-01,6.455090E-01,5.716097E+03,2.077044E+03,2.950308E-01,2.036618E-01,2.197176E+03,2.510066E+03,1.134052E-01,2.460561E-01,7.452994E+03,8.405024E+03,3.846792E-01,8.239076E-01,2.658787E+03,2.962336E+03,1.372306E-01,2.903850E-01,4.487648E+03,1.795439E+03,2.316250E-01,1.760397E-01,1.556204E+04,7.031994E+03,8.032189E-01,6.894145E-01,5.700942E+03,2.363556E+03,2.942486E-01,2.317228E-01,2.188124E+03,7.087990E+02,1.129379E-01,6.949654E-02,7.462219E+03,2.855708E+03,3.851553E-01,2.799611E-01,2.668449E+03,8.594588E+02,1.377293E-01,8.426109E-02,1.107181E+03,6.351724E+02,5.714509E-02,6.228052E-02,3.972400E+03,2.621866E+03,2.050297E-01,2.570387E-01,1.599286E+03,8.460805E+02,8.254563E-02,8.294750E-02 
08:45:00,4.433246E+03,1.751575E+03,2.288179E-01,1.717637E-01,1.528151E+04,6.921513E+03,7.887417E-01,6.786307E-01,5.571325E+03,2.205710E+03,2.875592E-01,2.162696E-01,2.150739E+03,2.604263E+03,1.110086E-01,2.552816E-01,7.295075E+03,8.700696E+03,3.765291E-01,8.528667E-01,2.590197E+03,3.077236E+03,1.336908E-01,3.016387E-01,4.396125E+03,1.830397E+03,2.269019E-01,1.794625E-01,1.524442E+04,7.118598E+03,7.868270E-01,6.978955E-01,5.556129E+03,2.396689E+03,2.867748E-01,2.349677E-01,2.141719E+03,7.380615E+02,1.105430E-01,7.236284E-02,7.304267E+03,2.932627E+03,3.770035E-01,2.874972E-01,2.599860E+03,8.914474E+02,1.341895E-01,8.739524E-02,1.054076E+03,6.494116E+02,5.440471E-02,6.367385E-02,3.793904E+03,2.648881E+03,1.958182E-01,2.596823E-01,1.514291E+03,8.561398E+02,7.815883E-02,8.393209E-02 
09:00:00,4.357489E+03,1.894861E+03,2.249081E-01,1.858079E-01,1.501422E+04,7.361741E+03,7.749463E-01,7.217836E-01,5.452383E+03,2.371970E+03,2.814202E-01,2.325672E-01,2.113109E+03,2.679226E+03,1.090664E-01,2.626248E-01,7.164180E+03,8.943089E+03,3.697732E-01,8.766125E-01,2.534672E+03,3.172796E+03,1.308250E-01,3.110002E-01,4.320642E+03,1.887707E+03,2.230062E-01,1.850808E-01,1.497625E+04,7.282814E+03,7.729865E-01,7.139969E-01,5.437217E+03,2.457357E+03,2.806375E-01,2.409159E-01,2.104115E+03,7.711784E+02,1.086021E-01,7.560823E-02,7.173343E+03,3.023926E+03,3.702462E-01,2.964462E-01,2.544333E+03,9.286398E+02,1.313236E-01,9.104066E-02,1.012166E+03,6.670619E+02,5.224179E-02,6.540275E-02,3.650266E+03,2.690338E+03,1.884050E-01,2.637449E-01,1.446809E+03,8.717147E+02,7.467583E-02,8.545845E-02 
09:15:00,4.293159E+03,2.044221E+03,2.215878E-01,2.004492E-01,1.478276E+04,7.827940E+03,7.630000E-01,7.674881E-01,5.352266E+03,2.550401E+03,2.762528E-01,2.500598E-01,2.081695E+03,2.721104E+03,1.074450E-01,2.667265E-01,7.052971E+03,9.088844E+03,3.640333E-01,8.908904E-01,2.488597E+03,3.234162E+03,1.284469E-01,3.170118E-01,4.256568E+03,1.927338E+03,2.196992E-01,1.889671E-01,1.474449E+04,7.396737E+03,7.610246E-01,7.251705E-01,5.337176E+03,2.501828E+03,2.754740E-01,2.452774E-01,2.072722E+03,7.964657E+02,1.069819E-01,7.808650E-02,7.062110E+03,3.092638E+03,3.645050E-01,3.031818E-01,2.498257E+03,9.585135E+02,1.289455E-01,9.396894E-02,9.782329E+02,6.765369E+02,5.049051E-02,6.633078E-02,3.531461E+03,2.708648E+03,1.822732E-01,2.655398E-01,1.391993E+03,8.800641E+02,7.184658E-02,8.627697E-02 
09:30:00,4.237151E+03,2.218749E+03,2.186971E-01,2.175572E-01,1.457759E+04,8.375612E+03,7.524104E-01,8.211774E-01,5.266366E+03,2.759746E+03,2.718192E-01,2.705824E-01,2.054771E+03,2.739230E+03,1.060553E-01,2.685006E-01,6.955910E+03,9.165627E+03,3.590236E-01,8.984089E-01,2.449600E+03,3.270070E+03,1.264341E-01,3.205286E-01,4.200803E+03,1.966444E+03,2.168210E-01,1.928003E-01,1.453915E+04,7.510595E+03,7.504262E-01,7.363321E-01,5.251383E+03,2.546574E+03,2.710458E-01,2.496639E-01,2.045817E+03,8.230968E+02,1.055931E-01,8.069613E-02,6.965028E+03,3.166771E+03,3.594942E-01,3.104474E-01,2.459260E+03,9.903241E+02,1.269327E-01,9.708660E-02,9.500282E+02,6.871071E+02,4.903482E-02,6.736588E-02,3.430512E+03,2.731946E+03,1.770629E-01,2.678225E-01,1.346428E+03,8.905165E+02,6.949479E-02,8.730122E-02 
09:45:00,4.187365E+03,2.410988E+03,2.161274E-01,2.364019E-01,1.439230E+04,8.979113E+03,7.428465E-01,8.803400E-01,5.191155E+03,2.991772E+03,2.679372E-01,2.933283E-01,2.031166E+03,2.739660E+03,1.048370E-01,2.685408E-01,6.869382E+03,9.190991E+03,3.545575E-01,9.008893E-01,2.415866E+03,3.286441E+03,1.246930E-01,3.221311E-01,4.151247E+03,2.004729E+03,2.142632E-01,1.965527E-01,1.435372E+04,7.623275E+03,7.408555E-01,7.473772E-01,5.176296E+03,2.591457E+03,2.671703E-01,2.540635E-01,2.022228E+03,8.512763E+02,1.043756E-01,8.345784E-02,6.878481E+03,3.246712E+03,3.550272E-01,3.182826E-01,2.425527E+03,1.024312E+03,1.251916E-01,1.004178E-01,9.260084E+02,6.992664E+02,4.779510E-02,6.855716E-02,3.342670E+03,2.761602E+03,1.725291E-01,2.707289E-01,1.307770E+03,9.036055E+02,6.749946E-02,8.858412E-02 
10:00:00,4.142138E+03,2.610983E+03,2.137930E-01,2.560063E-01,1.422170E+04,9.607317E+03,7.340412E-01,9.419218E-01,5.124238E+03,3.235893E+03,2.644833E-01,3.172589E-01,2.009963E+03,2.724816E+03,1.037426E-01,2.670844E-01,6.790913E+03,9.171328E+03,3.505074E-01,8.989579E-01,2.386170E+03,3.285502E+03,1.231602E-01,3.220374E-01,4.106241E+03,2.041505E+03,2.119402E-01,2.001573E-01,1.418373E+04,7.732426E+03,7.320816E-01,7.580760E-01,5.109516E+03,2.635791E+03,2.637235E-01,2.584091E-01,2.001041E+03,8.802016E+02,1.032821E-01,8.629285E-02,6.799995E+03,3.329731E+03,3.509761E-01,3.264200E-01,2.395831E+03,1.059601E+03,1.236589E-01,1.038767E-01,9.050896E+02,7.125536E+02,4.671542E-02,6.985933E-02,3.264622E+03,2.795859E+03,1.685008E-01,2.740870E-01,1.274355E+03,9.187880E+02,6.577478E-02,9.007240E-02 
10:15:00,4.100603E+03,2.810774E+03,2.116493E-01,2.755895E-01,1.406325E+04,1.023635E+04,7.258633E-01,1.003581E+00,5.063904E+03,3.483578E+03,2.613693E-01,3.415374E-01,1.990684E+03,2.695882E+03,1.027475E-01,2.642475E-01,6.718423E+03,9.109361E+03,3.467659E-01,8.928811E-01,2.359641E+03,3.268182E+03,1.217910E-01,3.203386E-01,4.064917E+03,2.076651E+03,2.098074E-01,2.036019E-01,1.402536E+04,7.837536E+03,7.239073E-01,7.683784E-01,5.049327E+03,2.679402E+03,2.606169E-01,2.626838E-01,1.981778E+03,9.092108E+02,1.022878E-01,8.913616E-02,6.727488E+03,3.413667E+03,3.472338E-01,3.346472E-01,2.369304E+03,1.095451E+03,1.222897E-01,1.073907E-01,8.865001E+02,7.264622E+02,4.575595E-02,7.122255E-02,3.194021E+03,2.832932E+03,1.648567E-01,2.777210E-01,1.244982E+03,9.354642E+02,6.425875E-02,9.170713E-02 
10:30:00,4.062081E+03,3.004530E+03,2.096610E-01,2.945800E-01,1.391498E+04,1.084905E+04,7.182102E-01,1.063636E+00,5.008731E+03,3.728278E+03,2.585215E-01,3.655220E-01,1.972953E+03,2.657313E+03,1.018324E-01,2.604663E-01,6.651031E+03,9.017876E+03,3.432875E-01,8.839119E-01,2.335556E+03,3.239121E+03,1.205478E-01,3.174894E-01,4.026595E+03,2.108361E+03,2.078294E-01,2.067098E-01,1.387704E+04,7.932591E+03,7.162523E-01,7.776951E-01,4.994302E+03,2.720012E+03,2.577768E-01,2.666642E-01,1.964061E+03,9.368126E+02,1.013734E-01,9.184148E-02,6.660080E+03,3.493722E+03,3.437546E-01,3.424938E-01,2.345218E+03,1.130149E+03,1.210465E-01,1.107916E-01,8.697161E+02,7.404948E+02,4.488967E-02,7.259798E-02,3.129301E+03,2.871130E+03,1.615163E-01,2.814654E-01,1.218827E+03,9.530257E+02,6.290878E-02,9.342863E-02 
10:45:00,4.026027E+03,3.188674E+03,2.078001E-01,3.126273E-01,1.377521E+04,1.143507E+04,7.109964E-01,1.121072E+00,4.957982E+03,3.965691E+03,2.559022E-01,3.887912E-01,1.956475E+03,2.606885E+03,1.009819E-01,2.555231E-01,6.587891E+03,8.889265E+03,3.400286E-01,8.713046E-01,2.313549E+03,3.195750E+03,1.194119E-01,3.132378E-01,3.990730E+03,2.137411E+03,2.059783E-01,2.095569E-01,1.373722E+04,8.020080E+03,7.090353E-01,7.862698E-01,4.943706E+03,2.758352E+03,2.551653E-01,2.704220E-01,1.947597E+03,9.628802E+02,1.005236E-01,9.439634E-02,6.596924E+03,3.569566E+03,3.404948E-01,3.499274E-01,2.323210E+03,1.163494E+03,1.199106E-01,1.140597E-01,8.543379E+02,7.542380E+02,4.409594E-02,7.394502E-02,3.069250E+03,2.909075E+03,1.584168E-01,2.851849E-01,1.195237E+03,9.709573E+02,6.169117E-02,9.518635E-02 
11:00:00,3.992035E+03,3.360822E+03,2.060456E-01,3.294982E-01,1.364272E+04,1.198741E+04,7.041577E-01,1.175206E+00,4.910989E+03,4.192634E+03,2.534767E-01,4.110334E-01,1.941033E+03,2.541451E+03,1.001848E-01,2.491091E-01,6.528345E+03,8.713114E+03,3.369552E-01,8.540379E-01,2.293287E+03,3.134298E+03,1.183661E-01,3.072141E-01,3.956918E+03,2.164315E+03,2.042331E-01,2.121935E-01,1.360465E+04,8.101534E+03,7.021931E-01,7.942529E-01,4.896867E+03,2.794950E+03,2.527478E-01,2.740091E-01,1.932167E+03,9.873938E+02,9.972723E-02,9.679882E-02,6.537364E+03,3.641142E+03,3.374207E-01,3.569424E-01,2.302948E+03,1.195431E+03,1.188648E-01,1.171899E-01,8.400741E+02,7.673808E+02,4.335973E-02,7.523317E-02,3.012985E+03,2.945743E+03,1.555128E-01,2.887790E-01,1.173722E+03,9.888527E+02,6.058072E-02,9.694044E-02 
11:15:00,3.959810E+03,3.537806E+03,2.043823E-01,3.468434E-01,1.351658E+04,1.255758E+04,6.976474E-01,1.231088E+00,4.867225E+03,4.426599E+03,2.512179E-01,4.339639E-01,1.926468E+03,2.463851E+03,9.943305E-02,2.415027E-01,6.471911E+03,8.497027E+03,3.340424E-01,8.328568E-01,2.274513E+03,3.057307E+03,1.173971E-01,2.996674E-01,3.924864E+03,2.206086E+03,2.025786E-01,2.162879E-01,1.347845E+04,8.229801E+03,6.956791E-01,8.068255E-01,4.853259E+03,2.848458E+03,2.504970E-01,2.792540E-01,1.917613E+03,1.016673E+03,9.897603E-02,9.966846E-02,6.480916E+03,3.727950E+03,3.345072E-01,3.654506E-01,2.284174E+03,1.232703E+03,1.178958E-01,1.208430E-01,8.267159E+02,7.866488E+02,4.267026E-02,7.712181E-02,2.959874E+03,3.002322E+03,1.527715E-01,2.943249E-01,1.153925E+03,1.014032E+03,5.955891E-02,9.940851E-02 
11:30:00,3.929093E+03,3.705844E+03,2.027969E-01,3.633125E-01,1.339598E+04,1.310333E+04,6.914223E-01,1.284577E+00,4.826208E+03,4.653021E+03,2.491008E-01,4.561557E-01,1.912644E+03,2.364330E+03,9.871954E-02,2.317477E-01,6.418160E+03,8.210017E+03,3.312681E-01,8.047243E-01,2.256995E+03,2.953954E+03,1.164929E-01,2.895369E-01,3.894308E+03,2.250885E+03,2.010015E-01,2.206801E-01,1.335777E+04,8.368071E+03,6.894503E-01,8.203815E-01,4.812396E+03,2.906818E+03,2.483879E-01,2.849754E-01,1.903800E+03,1.046446E+03,9.826307E-02,1.025869E-01,6.427152E+03,3.816798E+03,3.317322E-01,3.741597E-01,2.266656E+03,1.271017E+03,1.169916E-01,1.245985E-01,8.140857E+02,8.076991E+02,4.201836E-02,7.918552E-02,2.909355E+03,3.065164E+03,1.501640E-01,3.004856E-01,1.135528E+03,1.042012E+03,5.860937E-02,1.021515E-01 
11:45:00,3.899728E+03,3.860932E+03,2.012813E-01,3.785122E-01,1.328041E+04,1.361204E+04,6.854574E-01,1.334436E+00,4.787635E+03,4.866629E+03,2.471098E-01,4.770914E-01,1.899477E+03,2.238702E+03,9.803993E-02,2.194336E-01,6.366829E+03,7.837753E+03,3.286187E-01,7.682352E-01,2.240584E+03,2.818778E+03,1.156459E-01,2.762871E-01,3.865095E+03,2.295600E+03,1.994937E-01,2.250638E-01,1.324213E+04,8.506429E+03,6.834817E-01,8.339454E-01,4.773977E+03,2.966339E+03,2.464049E-01,2.908104E-01,1.890643E+03,1.075599E+03,9.758396E-02,1.054445E-01,6.375809E+03,3.904147E+03,3.290822E-01,3.827215E-01,2.250245E+03,1.309085E+03,1.161445E-01,1.283298E-01,8.020780E+02,8.293831E+02,4.139860E-02,8.131127E-02,2.861111E+03,3.130491E+03,1.476739E-01,3.068897E-01,1.118338E+03,1.071420E+03,5.772210E-02,1.050344E-01 
12:00:00,3.871597E+03,4.002050E+03,1.998293E-01,3.923424E-01,1.316951E+04,1.408027E+04,6.797336E-01,1.380326E+00,4.751273E+03,5.065396E+03,2.452331E-01,4.965721E-01,1.886903E+03,2.090714E+03,9.739094E-02,2.049278E-01,6.317721E+03,7.390264E+03,3.260840E-01,7.243725E-01,2.225165E+03,2.654843E+03,1.148501E-01,2.602183E-01,3.837106E+03,2.339492E+03,1.980491E-01,2.293666E-01,1.313116E+04,8.642617E+03,6.777542E-01,8.472957E-01,4.737769E+03,3.025958E+03,2.445361E-01,2.966548E-01,1.878078E+03,1.103840E+03,9.693545E-02,1.082125E-01,6.326691E+03,3.989086E+03,3.265470E-01,3.910468E-01,2.234827E+03,1.346501E+03,1.153488E-01,1.319972E-01,7.906174E+02,8.511445E+02,4.080707E-02,8.344448E-02,2.814918E+03,3.196531E+03,1.452897E-01,3.133634E-01,1.102211E+03,1.101535E+03,5.688974E-02,1.079864E-01 
12:15:00,3.844600E+03,4.110074E+03,1.984359E-01,4.029284E-01,1.306297E+04,1.444916E+04,6.742344E-01,1.416478E+00,4.716923E+03,5.227843E+03,2.434601E-01,5.124923E-01,1.874871E+03,1.932863E+03,9.676992E-02,1.894553E-01,6.270671E+03,6.906408E+03,3.236555E-01,6.769454E-01,2.210644E+03,2.475639E+03,1.141006E-01,2.426531E-01,3.810244E+03,2.365289E+03,1.966626E-01,2.318951E-01,1.302455E+04,8.722899E+03,6.722515E-01,8.551647E-01,4.703569E+03,3.066511E+03,2.427709E-01,3.006297E-01,1.866055E+03,1.124549E+03,9.631488E-02,1.102421E-01,6.279630E+03,4.051169E+03,3.241180E-01,3.971315E-01,2.220307E+03,1.376092E+03,1.145993E-01,1.348974E-01,7.796442E+02,8.656532E+02,4.024070E-02,8.486655E-02,2.770591E+03,3.240139E+03,1.430018E-01,3.176377E-01,1.087031E+03,1.124184E+03,5.610620E-02,1.102064E-01 
12:30:00,3.818657E+03,4.197872E+03,1.970968E-01,4.115311E-01,1.296051E+04,1.475752E+04,6.689459E-01,1.446694E+00,4.684414E+03,5.366167E+03,2.417822E-01,5.260472E-01,1.863339E+03,1.797386E+03,9.617471E-02,1.761763E-01,6.225539E+03,6.488159E+03,3.213261E-01,6.359504E-01,2.196940E+03,2.317347E+03,1.133933E-01,2.271380E-01,3.784427E+03,2.385388E+03,1.953301E-01,2.338640E-01,1.292202E+04,8.785710E+03,6.669594E-01,8.613180E-01,4.671210E+03,3.100465E+03,2.411007E-01,3.039567E-01,1.854530E+03,1.153396E+03,9.572007E-02,1.130692E-01,6.234489E+03,4.141013E+03,3.217881E-01,4.059366E-01,2.206604E+03,1.415068E+03,1.138920E-01,1.387173E-01,7.691124E+02,8.769962E+02,3.969710E-02,8.597782E-02,2.727983E+03,3.274102E+03,1.408026E-01,3.209653E-01,1.072701E+03,1.143404E+03,5.536657E-02,1.120898E-01 
12:45:00,3.793700E+03,4.269428E+03,1.958087E-01,4.185422E-01,1.286189E+04,1.501705E+04,6.638562E-01,1.472124E+00,4.653604E+03,5.484353E+03,2.401920E-01,5.376283E-01,1.852272E+03,1.699527E+03,9.560352E-02,1.665856E-01,6.182211E+03,6.184007E+03,3.190897E-01,6.061417E-01,2.183986E+03,2.198121E+03,1.127247E-01,2.154529E-01,3.759590E+03,2.404186E+03,1.940482E-01,2.357056E-01,1.282334E+04,8.844846E+03,6.618663E-01,8.671118E-01,4.640547E+03,3.132775E+03,2.395180E-01,3.071228E-01,1.843471E+03,1.211126E+03,9.514926E-02,1.187283E-01,6.191152E+03,4.324344E+03,3.195512E-01,4.239078E-01,2.193651E+03,1.486664E+03,1.132235E-01,1.457354E-01,7.589856E+02,8.863805E+02,3.917442E-02,8.689711E-02,2.686978E+03,3.302315E+03,1.386861E-01,3.237293E-01,1.059144E+03,1.160482E+03,5.466684E-02,1.137631E-01 
13:00:00,3.769673E+03,4.326072E+03,1.945686E-01,4.240920E-01,1.276694E+04,1.523111E+04,6.589549E-01,1.493099E+00,4.624370E+03,5.583615E+03,2.386831E-01,5.473552E-01,1.841642E+03,1.642683E+03,9.505485E-02,1.610159E-01,6.140583E+03,6.005709E+03,3.169412E-01,5.886713E-01,2.171724E+03,2.123307E+03,1.120918E-01,2.081219E-01,3.735675E+03,2.424017E+03,1.928138E-01,2.376488E-01,1.272832E+04,8.907390E+03,6.569617E-01,8.732409E-01,4.611455E+03,3.166144E+03,2.380165E-01,3.103930E-01,1.832848E+03,1.310669E+03,9.460094E-02,1.284875E-01,6.149516E+03,4.639628E+03,3.174022E-01,4.548173E-01,2.181390E+03,1.605247E+03,1.125907E-01,1.573606E-01,7.492349E+02,8.946006E+02,3.867115E-02,8.770240E-02,2.647476E+03,3.327217E+03,1.366473E-01,3.261691E-01,1.046295E+03,1.176257E+03,5.400365E-02,1.153090E-01 
13:15:00,3.746526E+03,4.368371E+03,1.933739E-01,4.282362E-01,1.267545E+04,1.540073E+04,6.542329E-01,1.509720E+00,4.596602E+03,5.664379E+03,2.372498E-01,5.552692E-01,1.831423E+03,1.615531E+03,9.452740E-02,1.583568E-01,6.100568E+03,5.918738E+03,3.148758E-01,5.801533E-01,2.160104E+03,2.081761E+03,1.114920E-01,2.040520E-01,3.712633E+03,2.446327E+03,1.916245E-01,2.398354E-01,1.263677E+04,8.977673E+03,6.522365E-01,8.801298E-01,4.583827E+03,3.202281E+03,2.365905E-01,3.139351E-01,1.822635E+03,1.454781E+03,9.407383E-02,1.426166E-01,6.109493E+03,5.094321E+03,3.153365E-01,4.993947E-01,2.169772E+03,1.774451E+03,1.119910E-01,1.739488E-01,7.398365E+02,9.023133E+02,3.818605E-02,8.845807E-02,2.609397E+03,3.350803E+03,1.346819E-01,3.284801E-01,1.034099E+03,1.191450E+03,5.337418E-02,1.167979E-01 
13:30:00,3.724215E+03,4.395586E+03,1.922223E-01,4.309021E-01,1.258727E+04,1.552288E+04,6.496819E-01,1.521688E+00,4.570204E+03,5.725594E+03,2.358874E-01,5.612674E-01,1.821593E+03,1.599404E+03,9.402005E-02,1.567781E-01,6.062085E+03,5.863753E+03,3.128895E-01,5.747697E-01,2.149083E+03,2.052975E+03,1.109232E-01,2.012325E-01,3.690420E+03,2.471656E+03,1.904780E-01,2.423184E-01,1.254853E+04,9.057238E+03,6.476823E-01,8.879291E-01,4.557567E+03,3.241863E+03,2.352351E-01,3.178150E-01,1.812812E+03,1.629737E+03,9.356678E-02,1.597690E-01,6.071003E+03,5.643714E+03,3.133498E-01,5.532546E-01,2.158752E+03,1.979706E+03,1.114222E-01,1.940708E-01,7.307703E+02,9.098600E+02,3.771811E-02,8.919758E-02,2.572668E+03,3.374071E+03,1.327862E-01,3.307604E-01,1.022510E+03,1.206435E+03,5.277599E-02,1.182665E-01 
13:45:00,3.702701E+03,4.406507E+03,1.911119E-01,4.319710E-01,1.250227E+04,1.559317E+04,6.452942E-01,1.528573E+00,4.545093E+03,5.765667E+03,2.345912E-01,5.651932E-01,1.812133E+03,1.587399E+03,9.353177E-02,1.556027E-01,6.025062E+03,5.819592E+03,3.109786E-01,5.704447E-01,2.138620E+03,2.029578E+03,1.103831E-01,1.989405E-01,3.668998E+03,2.499392E+03,1.893723E-01,2.450374E-01,1.246347E+04,9.144111E+03,6.432916E-01,8.964452E-01,4.532589E+03,3.284249E+03,2.339459E-01,3.219699E-01,1.803357E+03,1.811552E+03,9.307880E-02,1.775924E-01,6.033973E+03,6.212606E+03,3.114386E-01,6.090221E-01,2.148291E+03,2.195211E+03,1.108823E-01,2.151961E-01,7.220192E+02,9.172310E+02,3.726643E-02,8.991994E-02,2.537226E+03,3.396935E+03,1.309569E-01,3.330012E-01,1.011485E+03,1.221191E+03,5.220698E-02,1.197127E-01 
14:00:00,3.681948E+03,4.399762E+03,1.900407E-01,4.313082E-01,1.242029E+04,1.560678E+04,6.410630E-01,1.529902E+00,4.521189E+03,5.782808E+03,2.333574E-01,5.668714E-01,1.803025E+03,1.577595E+03,9.306168E-02,1.546424E-01,5.989433E+03,5.781063E+03,3.091397E-01,5.666702E-01,2.128682E+03,2.009727E+03,1.098702E-01,1.969955E-01,3.648331E+03,2.528302E+03,1.883056E-01,2.478714E-01,1.238143E+04,9.234461E+03,6.390574E-01,9.053021E-01,4.508815E+03,3.328067E+03,2.327188E-01,3.262652E-01,1.794254E+03,1.984095E+03,9.260897E-02,1.945047E-01,5.998338E+03,6.753253E+03,3.095993E-01,6.620146E-01,2.138354E+03,2.403849E+03,1.103694E-01,2.356461E-01,7.135682E+02,9.242144E+02,3.683024E-02,9.060436E-02,2.503015E+03,3.418696E+03,1.291911E-01,3.351340E-01,1.000990E+03,1.235471E+03,5.166526E-02,1.211122E-01 
14:15:00,3.661924E+03,4.373438E+03,1.890072E-01,4.287263E-01,1.234121E+04,1.555718E+04,6.369816E-01,1.525035E+00,4.498422E+03,5.774563E+03,2.321824E-01,5.660612E-01,1.794253E+03,1.568501E+03,9.260892E-02,1.537514E-01,5.955136E+03,5.744033E+03,3.073695E-01,5.630418E-01,2.119235E+03,1.991855E+03,1.093826E-01,1.952443E-01,3.628388E+03,2.556612E+03,1.872763E-01,2.506466E-01,1.230230E+04,9.322817E+03,6.349732E-01,9.139632E-01,4.486175E+03,3.371253E+03,2.315503E-01,3.304985E-01,1.785487E+03,2.141897E+03,9.215646E-02,2.099701E-01,5.964035E+03,7.250439E+03,3.078288E-01,7.107418E-01,2.128909E+03,2.599484E+03,1.098819E-01,2.548197E-01,7.054041E+02,9.305288E+02,3.640886E-02,9.122320E-02,2.469983E+03,3.438452E+03,1.274861E-01,3.370703E-01,9.909907E+02,1.248935E+03,5.114917E-02,1.224318E-01 
14:30:00,3.642597E+03,4.326780E+03,1.880097E-01,4.241513E-01,1.226492E+04,1.544140E+04,6.330440E-01,1.513681E+00,4.476729E+03,5.739670E+03,2.310627E-01,5.626391E-01,1.785802E+03,1.559188E+03,9.217272E-02,1.528387E-01,5.922113E+03,5.705886E+03,3.056650E-01,5.593032E-01,2.110251E+03,1.974827E+03,1.089189E-01,1.935756E-01,3.609136E+03,2.583213E+03,1.862826E-01,2.532542E-01,1.222596E+04,9.405763E+03,6.310329E-01,9.220937E-01,4.464605E+03,3.412450E+03,2.304369E-01,3.345365E-01,1.777041E+03,2.285281E+03,9.172051E-02,2.240213E-01,5.931007E+03,7.705731E+03,3.061241E-01,7.553602E-01,2.119928E+03,2.781617E+03,1.094183E-01,2.726689E-01,6.975147E+02,9.359007E+02,3.600165E-02,9.174964E-02,2.438081E+03,3.455336E+03,1.258396E-01,3.387249E-01,9.814592E+02,1.261231E+03,5.065721E-02,1.236369E-01 
14:45:00,3.623940E+03,4.258834E+03,1.870467E-01,4.174895E-01,1.219131E+04,1.525580E+04,6.292445E-01,1.495484E+00,4.456049E+03,5.676641E+03,2.299953E-01,5.564591E-01,1.777659E+03,1.548996E+03,9.175239E-02,1.518398E-01,5.890312E+03,5.664763E+03,3.040236E-01,5.552728E-01,2.101703E+03,1.957760E+03,1.084777E-01,1.919029E-01,3.590550E+03,2.607328E+03,1.853233E-01,2.556178E-01,1.215229E+04,9.480926E+03,6.272307E-01,9.294607E-01,4.444045E+03,3.450641E+03,2.293757E-01,3.382798E-01,1.768901E+03,2.416889E+03,9.130040E-02,2.369182E-01,5.899200E+03,8.127259E+03,3.044824E-01,7.966687E-01,2.111382E+03,2.952091E+03,1.089772E-01,2.893751E-01,6.898890E+02,9.401088E+02,3.560805E-02,9.216199E-02,2.407266E+03,3.468646E+03,1.242491E-01,3.400291E-01,9.723685E+02,1.272061E+03,5.018801E-02,1.246982E-01 
15:00:00,3.605926E+03,4.168900E+03,1.861169E-01,4.086724E-01,1.212026E+04,1.499743E+04,6.255775E-01,1.470153E+00,4.436328E+03,5.584251E+03,2.289774E-01,5.474012E-01,1.769809E+03,1.537408E+03,9.134724E-02,1.507040E-01,5.859680E+03,5.619194E+03,3.024426E-01,5.508063E-01,2.093567E+03,1.939924E+03,1.080577E-01,1.901548E-01,3.572601E+03,2.628434E+03,1.843969E-01,2.576864E-01,1.208120E+04,9.546703E+03,6.235612E-01,9.359074E-01,4.424439E+03,3.485084E+03,2.283638E-01,3.416556E-01,1.761056E+03,2.538445E+03,9.089546E-02,2.488301E-01,5.868564E+03,8.520024E+03,3.029011E-01,8.351586E-01,2.103247E+03,3.111826E+03,1.085574E-01,3.050288E-01,6.825166E+02,9.429815E+02,3.522753E-02,9.244341E-02,2.377496E+03,3.477829E+03,1.227125E-01,3.409289E-01,9.636944E+02,1.281173E+03,4.974030E-02,1.255912E-01 
15:15:00,3.588529E+03,4.056801E+03,1.852190E-01,3.976828E-01,1.205169E+04,1.466490E+04,6.220380E-01,1.437555E+00,4.417514E+03,5.461856E+03,2.280064E-01,5.354023E-01,1.762242E+03,1.522796E+03,9.095665E-02,1.492718E-01,5.830170E+03,5.564061E+03,3.009195E-01,5.454024E-01,2.085819E+03,1.919287E+03,1.076579E-01,1.881321E-01,3.555266E+03,2.644126E+03,1.835021E-01,2.592242E-01,1.201258E+04,9.595451E+03,6.200193E-01,9.406847E-01,4.405738E+03,3.512834E+03,2.273986E-01,3.443753E-01,1.753492E+03,2.654206E+03,9.050506E-02,2.601743E-01,5.839050E+03,8.896566E+03,3.013778E-01,8.720592E-01,2.095502E+03,3.264772E+03,1.081576E-01,3.200173E-01,6.753880E+02,9.443645E+02,3.485960E-02,9.257880E-02,2.348731E+03,3.482387E+03,1.212278E-01,3.413751E-01,9.554145E+02,1.288333E+03,4.931294E-02,1.262928E-01 
15:30:00,3.571726E+03,3.924417E+03,1.843517E-01,3.847049E-01,1.198549E+04,1.426325E+04,6.186210E-01,1.398180E+00,4.399561E+03,5.311121E+03,2.270797E-01,5.206255E-01,1.754945E+03,1.505316E+03,9.058003E-02,1.475583E-01,5.801737E+03,5.500001E+03,2.994519E-01,5.391232E-01,2.078439E+03,1.895868E+03,1.072769E-01,1.858367E-01,3.538520E+03,2.655075E+03,1.826378E-01,2.602969E-01,1.194633E+04,9.629315E+03,6.166001E-01,9.440026E-01,4.387893E+03,3.534357E+03,2.264775E-01,3.464843E-01,1.746199E+03,2.762176E+03,9.012862E-02,2.707553E-01,5.810612E+03,9.250292E+03,2.999100E-01,9.067243E-01,2.088124E+03,3.408286E+03,1.077768E-01,3.340816E-01,6.684940E+02,9.441271E+02,3.450377E-02,9.255533E-02,2.320933E+03,3.481885E+03,1.197931E-01,3.413255E-01,9.475079E+02,1.293333E+03,4.890485E-02,1.267826E-01 
15:45:00,3.555495E+03,3.776300E+03,1.835139E-01,3.701849E-01,1.192157E+04,1.380601E+04,6.153219E-01,1.353356E+00,4.382423E+03,5.136873E+03,2.261952E-01,5.035441E-01,1.747907E+03,1.485057E+03,9.021681E-02,1.455724E-01,5.774337E+03,5.427345E+03,2.980377E-01,5.320013E-01,2.071407E+03,1.869658E+03,1.069140E-01,1.832676E-01,3.522342E+03,2.661658E+03,1.818028E-01,2.609417E-01,1.188237E+04,9.649452E+03,6.132987E-01,9.459748E-01,4.370861E+03,3.549977E+03,2.255984E-01,3.480147E-01,1.739165E+03,2.860160E+03,8.976558E-02,2.803576E-01,5.783208E+03,9.573962E+03,2.984956E-01,9.384438E-01,2.081093E+03,3.539373E+03,1.074139E-01,3.469280E-01,6.618262E+02,9.422149E+02,3.415962E-02,9.236770E-02,2.294067E+03,3.476130E+03,1.184064E-01,3.407609E-01,9.399555E+02,1.296047E+03,4.851503E-02,1.270485E-01 
16:00:00,3.539813E+03,3.620680E+03,1.827045E-01,3.549297E-01,1.185985E+04,1.331874E+04,6.121362E-01,1.305591E+00,4.366058E+03,4.948417E+03,2.253505E-01,4.850705E-01,1.741120E+03,1.461987E+03,8.986647E-02,1.433110E-01,5.747929E+03,5.345987E+03,2.966746E-01,5.240267E-01,2.064703E+03,1.840518E+03,1.065680E-01,1.804113E-01,3.506709E+03,2.663743E+03,1.809959E-01,2.611455E-01,1.182061E+04,9.655362E+03,6.101110E-01,9.465526E-01,4.354598E+03,3.559450E+03,2.247590E-01,3.489426E-01,1.732380E+03,2.946749E+03,8.941540E-02,2.888430E-01,5.756797E+03,9.862738E+03,2.971324E-01,9.667432E-01,2.074392E+03,3.655955E+03,1.070681E-01,3.583528E-01,6.553764E+02,9.386749E+02,3.382671E-02,9.202051E-02,2.268098E+03,3.465241E+03,1.170660E-01,3.396931E-01,9.327391E+02,1.296471E+03,4.814256E-02,1.270898E-01 
16:15:00,3.524709E+03,3.472001E+03,1.819250E-01,3.403555E-01,1.180044E+04,1.284763E+04,6.090701E-01,1.259411E+00,4.350495E+03,4.762694E+03,2.245472E-01,4.668652E-01,1.734593E+03,1.437773E+03,8.952959E-02,1.409375E-01,5.722559E+03,5.261199E+03,2.953652E-01,5.157158E-01,2.058338E+03,1.810242E+03,1.062394E-01,1.774437E-01,3.491652E+03,2.663899E+03,1.802188E-01,2.611602E-01,1.176117E+04,9.655127E+03,6.070429E-01,9.465281E-01,4.339133E+03,3.565666E+03,2.239608E-01,3.495513E-01,1.725857E+03,3.017116E+03,8.907867E-02,2.957385E-01,5.731424E+03,1.010134E+04,2.958228E-01,9.901249E-01,2.068029E+03,3.752267E+03,1.067396E-01,3.677907E-01,6.491664E+02,9.337205E+02,3.350619E-02,9.153469E-02,2.243117E+03,3.449856E+03,1.157766E-01,3.381845E-01,9.258803E+02,1.294800E+03,4.778855E-02,1.269257E-01 
16:30:00,3.510151E+03,3.346595E+03,1.811736E-01,3.280634E-01,1.174322E+04,1.244601E+04,6.061165E-01,1.220045E+00,4.335679E+03,4.599680E+03,2.237825E-01,4.508868E-01,1.728313E+03,1.412409E+03,8.920546E-02,1.384513E-01,5.698171E+03,5.172878E+03,2.941064E-01,5.070588E-01,2.052289E+03,1.778773E+03,1.059272E-01,1.743592E-01,3.477137E+03,2.665742E+03,1.794696E-01,2.613406E-01,1.170391E+04,9.660679E+03,6.040876E-01,9.470715E-01,4.324412E+03,3.573025E+03,2.232010E-01,3.502723E-01,1.719580E+03,3.068697E+03,8.875469E-02,3.007926E-01,5.707033E+03,1.028092E+04,2.945638E-01,1.007722E+00,2.061982E+03,3.824698E+03,1.064275E-01,3.748879E-01,6.431829E+02,9.281463E+02,3.319736E-02,9.098813E-02,2.219065E+03,3.432427E+03,1.145352E-01,3.364757E-01,9.193560E+02,1.291888E+03,4.745181E-02,1.266402E-01 
16:45:00,3.496103E+03,3.248028E+03,1.804485E-01,3.184032E-01,1.168803E+04,1.212604E+04,6.032681E-01,1.188685E+00,4.321552E+03,4.464798E+03,2.230534E-01,4.376671E-01,1.722264E+03,1.385115E+03,8.889326E-02,1.357760E-01,5.674701E+03,5.078471E+03,2.928950E-01,4.978055E-01,2.046533E+03,1.745097E+03,1.056301E-01,1.710584E-01,3.463129E+03,2.679030E+03,1.787466E-01,2.626433E-01,1.164869E+04,9.704157E+03,6.012376E-01,9.513337E-01,4.310378E+03,3.592964E+03,2.224766E-01,3.522267E-01,1.713533E+03,3.105533E+03,8.844262E-02,3.044014E-01,5.683560E+03,1.041307E+04,2.933523E-01,1.020668E+00,2.056228E+03,3.877284E+03,1.061305E-01,3.800400E-01,6.374092E+02,9.233724E+02,3.289935E-02,9.052010E-02,2.195875E+03,3.417346E+03,1.133383E-01,3.349973E-01,9.131388E+02,1.289307E+03,4.713091E-02,1.263870E-01 
17:00:00,3.482540E+03,3.175526E+03,1.797485E-01,3.112986E-01,1.163479E+04,1.188601E+04,6.005199E-01,1.165163E+00,4.308073E+03,4.358441E+03,2.223577E-01,4.272438E-01,1.716435E+03,1.357351E+03,8.859237E-02,1.330546E-01,5.652102E+03,4.982525E+03,2.917286E-01,4.884011E-01,2.041050E+03,1.710706E+03,1.053471E-01,1.676876E-01,3.449604E+03,2.715519E+03,1.780485E-01,2.662210E-01,1.159541E+04,9.822957E+03,5.984878E-01,9.629816E-01,4.296987E+03,3.639208E+03,2.217855E-01,3.567605E-01,1.707706E+03,3.128115E+03,8.814186E-02,3.066134E-01,5.660959E+03,1.049874E+04,2.921857E-01,1.029061E+00,2.050747E+03,3.910328E+03,1.058476E-01,3.832770E-01,6.318343E+02,9.207880E+02,3.261161E-02,9.026681E-02,2.173501E+03,3.408888E+03,1.121835E-01,3.341684E-01,9.072088E+02,1.288620E+03,4.682484E-02,1.263197E-01 
17:15:00,3.469393E+03,3.121131E+03,1.790699E-01,3.059690E-01,1.158319E+04,1.170104E+04,5.978570E-01,1.147039E+00,4.295139E+03,4.272577E+03,2.216901E-01,4.188296E-01,1.710793E+03,1.330491E+03,8.830118E-02,1.304218E-01,5.630249E+03,4.889268E+03,2.906007E-01,4.792605E-01,2.035800E+03,1.677085E+03,1.050761E-01,1.643922E-01,3.436490E+03,2.781265E+03,1.773716E-01,2.726677E-01,1.154379E+04,1.003548E+04,5.958235E-01,9.838197E-01,4.284139E+03,3.719076E+03,2.211223E-01,3.645912E-01,1.702067E+03,3.135687E+03,8.785079E-02,3.073544E-01,5.639103E+03,1.053549E+04,2.910577E-01,1.032659E+00,2.045498E+03,3.922700E+03,1.055767E-01,3.844880E-01,6.264187E+02,9.214168E+02,3.233209E-02,9.032861E-02,2.151781E+03,3.410193E+03,1.110624E-01,3.342968E-01,9.015100E+02,1.291018E+03,4.653070E-02,1.265548E-01 
17:30:00,3.456654E+03,3.071125E+03,1.784124E-01,3.010692E-01,1.153324E+04,1.152737E+04,5.952785E-01,1.130021E+00,4.282734E+03,4.191984E+03,2.210498E-01,4.109317E-01,1.705335E+03,1.305326E+03,8.801945E-02,1.279553E-01,5.609123E+03,4.801105E+03,2.895103E-01,4.706195E-01,2.030771E+03,1.645095E+03,1.048166E-01,1.612568E-01,3.423783E+03,2.870818E+03,1.767157E-01,2.814487E-01,1.149381E+04,1.032386E+04,5.932435E-01,1.012095E+00,4.271816E+03,3.826923E+03,2.204863E-01,3.751652E-01,1.696611E+03,3.129509E+03,8.756917E-02,3.067478E-01,5.617975E+03,1.052693E+04,2.899672E-01,1.031817E+00,2.040472E+03,3.915694E+03,1.053173E-01,3.837999E-01,6.211599E+02,9.253246E+02,3.206066E-02,9.071196E-02,2.130704E+03,3.421429E+03,1.099745E-01,3.353989E-01,8.960342E+02,1.296653E+03,4.624807E-02,1.271074E-01 
17:45:00,3.444323E+03,3.021295E+03,1.777759E-01,2.961858E-01,1.148491E+04,1.135230E+04,5.927840E-01,1.112863E+00,4.270851E+03,4.112207E+03,2.204365E-01,4.031129E-01,1.700058E+03,1.283354E+03,8.774710E-02,1.258019E-01,5.588720E+03,4.722713E+03,2.884572E-01,4.629363E-01,2.025961E+03,1.616443E+03,1.045683E-01,1.584486E-01,3.411481E+03,2.968188E+03,1.760808E-01,2.909956E-01,1.144545E+04,1.063490E+04,5.907477E-01,1.042590E+00,4.260011E+03,3.944320E+03,2.198770E-01,3.866749E-01,1.691336E+03,3.102476E+03,8.729693E-02,3.040973E-01,5.597569E+03,1.045200E+04,2.889140E-01,1.024469E+00,2.035664E+03,3.881726E+03,1.050691E-01,3.804694E-01,6.160595E+02,9.314277E+02,3.179740E-02,9.131054E-02,2.110278E+03,3.439214E+03,1.089203E-01,3.371430E-01,8.907798E+02,1.304405E+03,4.597687E-02,1.278675E-01 
18:00:00,3.432390E+03,2.967226E+03,1.771600E-01,2.908862E-01,1.143817E+04,1.116258E+04,5.903715E-01,1.094268E+00,4.259470E+03,4.028403E+03,2.198490E-01,3.948990E-01,1.694959E+03,1.263732E+03,8.748390E-02,1.238788E-01,5.569019E+03,4.651388E+03,2.874404E-01,4.559461E-01,2.021361E+03,1.590219E+03,1.043309E-01,1.558785E-01,3.399575E+03,3.050727E+03,1.754663E-01,2.990873E-01,1.139869E+04,1.089761E+04,5.883338E-01,1.068345E+00,4.248707E+03,4.045750E+03,2.192935E-01,3.966181E-01,1.686239E+03,3.048924E+03,8.703384E-02,2.988476E-01,5.577867E+03,1.029320E+04,2.878970E-01,1.008902E+00,2.031065E+03,3.814732E+03,1.048318E-01,3.739019E-01,6.111148E+02,9.380465E+02,3.154219E-02,9.195962E-02,2.090491E+03,3.458356E+03,1.078990E-01,3.390202E-01,8.857401E+02,1.312463E+03,4.571675E-02,1.286575E-01 
18:15:00,3.420843E+03,2.904999E+03,1.765640E-01,2.847865E-01,1.139296E+04,1.094617E+04,5.880385E-01,1.073055E+00,4.248572E+03,3.935892E+03,2.192866E-01,3.858311E-01,1.690031E+03,1.244984E+03,8.722959E-02,1.220414E-01,5.550000E+03,4.582465E+03,2.864587E-01,4.491911E-01,2.016962E+03,1.564717E+03,1.041038E-01,1.533791E-01,3.388052E+03,3.097825E+03,1.748715E-01,3.037029E-01,1.135346E+04,1.104653E+04,5.859996E-01,1.082939E+00,4.237883E+03,4.106870E+03,2.187348E-01,4.026080E-01,1.681313E+03,2.961943E+03,8.677961E-02,2.903213E-01,5.558846E+03,1.003049E+04,2.869153E-01,9.831496E-01,2.026668E+03,3.707694E+03,1.046048E-01,3.634096E-01,6.063227E+02,9.430522E+02,3.129485E-02,9.245044E-02,2.071328E+03,3.472304E+03,1.069099E-01,3.403876E-01,8.809078E+02,1.318474E+03,4.546733E-02,1.292468E-01 
18:30:00,3.409671E+03,2.831663E+03,1.759874E-01,2.775975E-01,1.134926E+04,1.069412E+04,5.857826E-01,1.048347E+00,4.238138E+03,3.831081E+03,2.187480E-01,3.755571E-01,1.685271E+03,1.225196E+03,8.698387E-02,1.201020E-01,5.531642E+03,4.510025E+03,2.855112E-01,4.420913E-01,2.012756E+03,1.537767E+03,1.038868E-01,1.507377E-01,3.376903E+03,3.091023E+03,1.742961E-01,3.030330E-01,1.130973E+04,1.102301E+04,5.837425E-01,1.080624E+00,4.227519E+03,4.105231E+03,2.181999E-01,4.024442E-01,1.676554E+03,2.832111E+03,8.653399E-02,2.775948E-01,5.540486E+03,9.635538E+03,2.859677E-01,9.444352E-01,2.022464E+03,3.550784E+03,1.043878E-01,3.480292E-01,6.016792E+02,9.444724E+02,3.105518E-02,9.258961E-02,2.052773E+03,3.475021E+03,1.059522E-01,3.406538E-01,8.762750E+02,1.320209E+03,4.522822E-02,1.294167E-01 
18:45:00,3.398862E+03,2.743724E+03,1.754295E-01,2.689765E-01,1.130700E+04,1.039545E+04,5.836013E-01,1.019069E+00,4.228147E+03,3.709591E+03,2.182323E-01,3.636479E-01,1.680671E+03,1.200554E+03,8.674648E-02,1.176867E-01,5.513921E+03,4.422186E+03,2.845965E-01,4.334817E-01,2.008734E+03,1.505080E+03,1.036792E-01,1.475339E-01,3.366114E+03,3.016472E+03,1.737392E-01,2.957204E-01,1.126745E+04,1.078525E+04,5.815601E-01,1.057305E+00,4.217596E+03,4.023543E+03,2.176877E-01,3.944322E-01,1.671957E+03,2.646142E+03,8.629668E-02,2.593659E-01,5.522764E+03,9.066725E+03,2.850529E-01,8.886801E-01,2.018444E+03,3.329205E+03,1.041804E-01,3.263103E-01,5.971804E+02,9.408541E+02,3.082298E-02,9.223467E-02,2.034810E+03,3.462094E+03,1.050250E-01,3.393859E-01,8.718341E+02,1.315960E+03,4.499900E-02,1.290000E-01 
19:00:00,3.388403E+03,2.640620E+03,1.748897E-01,2.588688E-01,1.126613E+04,1.004848E+04,5.814921E-01,9.850552E-01,4.218580E+03,3.570428E+03,2.177385E-01,3.500060E-01,1.676228E+03,1.166877E+03,8.651713E-02,1.143854E-01,5.496816E+03,4.306041E+03,2.837137E-01,4.220968E-01,2.004889E+03,1.462028E+03,1.034807E-01,1.433138E-01,3.355674E+03,2.869324E+03,1.732004E-01,2.812905E-01,1.122656E+04,1.031929E+04,5.794499E-01,1.011613E+00,4.208094E+03,3.854159E+03,2.171973E-01,3.778230E-01,1.667515E+03,2.397688E+03,8.606740E-02,2.350124E-01,5.505658E+03,8.303884E+03,2.841700E-01,8.139069E-01,2.014601E+03,3.035314E+03,1.039820E-01,2.975037E-01,5.928222E+02,9.304396E+02,3.059803E-02,9.121338E-02,2.017420E+03,3.428078E+03,1.041275E-01,3.360504E-01,8.675772E+02,1.303617E+03,4.477929E-02,1.277897E-01 
19:15:00,3.378284E+03,2.528478E+03,1.743674E-01,2.478749E-01,1.122662E+04,9.672944E+03,5.794526E-01,9.482414E-01,4.209418E+03,3.420604E+03,2.172657E-01,3.353190E-01,1.671935E+03,1.123361E+03,8.629555E-02,1.101196E-01,5.480306E+03,4.159420E+03,2.828615E-01,4.077241E-01,2.001211E+03,1.407836E+03,1.032909E-01,1.380016E-01,3.345572E+03,2.669619E+03,1.726790E-01,2.617088E-01,1.118703E+04,9.689262E+03,5.774094E-01,9.498392E-01,4.198995E+03,3.618216E+03,2.167277E-01,3.546893E-01,1.663223E+03,2.112284E+03,8.584589E-02,2.070370E-01,5.489146E+03,7.423079E+03,2.833178E-01,7.275714E-01,2.010925E+03,2.696063E+03,1.037922E-01,2.642512E-01,5.886003E+02,9.119283E+02,3.038012E-02,8.939824E-02,2.000586E+03,3.368857E+03,1.032586E-01,3.302439E-01,8.634967E+02,1.281511E+03,4.456867E-02,1.256223E-01 
19:30:00,3.368494E+03,2.416404E+03,1.738620E-01,2.368879E-01,1.118841E+04,9.297574E+03,5.774804E-01,9.114443E-01,4.200644E+03,3.270628E+03,2.168128E-01,3.206172E-01,1.667787E+03,1.072840E+03,8.608146E-02,1.051670E-01,5.464369E+03,3.991304E+03,2.820389E-01,3.912443E-01,1.997695E+03,1.345734E+03,1.031094E-01,1.319140E-01,3.335797E+03,2.460812E+03,1.721744E-01,2.412359E-01,1.114880E+04,9.031803E+03,5.754363E-01,8.853797E-01,4.190281E+03,3.364993E+03,2.162779E-01,3.298631E-01,1.659077E+03,1.835888E+03,8.563188E-02,1.799452E-01,5.473208E+03,6.565969E+03,2.824952E-01,6.435600E-01,2.007410E+03,2.362840E+03,1.036108E-01,2.315901E-01,5.845106E+02,8.862713E+02,3.016904E-02,8.688254E-02,1.984290E+03,3.287302E+03,1.024175E-01,3.222480E-01,8.595851E+02,1.250475E+03,4.436678E-02,1.225795E-01 
19:45:00,3.359020E+03,2.313522E+03,1.733731E-01,2.268026E-01,1.115146E+04,8.951144E+03,5.755733E-01,8.774858E-01,4.192240E+03,3.131303E+03,2.163790E-01,3.069601E-01,1.663780E+03,1.020864E+03,8.587462E-02,1.000718E-01,5.448985E+03,3.819079E+03,2.812449E-01,3.743619E-01,1.994331E+03,1.281994E+03,1.029358E-01,1.256659E-01,3.326337E+03,2.275446E+03,1.716862E-01,2.230634E-01,1.111184E+04,8.448277E+03,5.735283E-01,8.281748E-01,4.181935E+03,3.133457E+03,2.158472E-01,3.071651E-01,1.655070E+03,1.604456E+03,8.542510E-02,1.572616E-01,5.457824E+03,5.843843E+03,2.817011E-01,5.727829E-01,2.004048E+03,2.077390E+03,1.034373E-01,2.036127E-01,5.805490E+02,8.562706E+02,2.996456E-02,8.394108E-02,1.968515E+03,3.192076E+03,1.016033E-01,3.129120E-01,8.558353E+02,1.213527E+03,4.417324E-02,1.189572E-01 
20:00:00,3.349853E+03,2.225467E+03,1.728999E-01,2.181714E-01,1.111572E+04,8.651742E+03,5.737290E-01,8.481389E-01,4.184190E+03,3.009577E+03,2.159636E-01,2.950288E-01,1.659907E+03,9.732531E+02,8.567476E-02,9.540480E-02,5.434134E+03,3.660814E+03,2.804784E-01,3.588487E-01,1.991113E+03,1.223141E+03,1.027697E-01,1.198970E-01,3.317182E+03,2.135566E+03,1.712136E-01,2.093520E-01,1.107609E+04,8.005256E+03,5.716832E-01,7.847501E-01,4.173941E+03,2.950780E+03,2.154345E-01,2.892588E-01,1.651199E+03,1.439990E+03,8.522530E-02,1.411430E-01,5.442972E+03,5.325339E+03,2.809345E-01,5.219673E-01,2.000832E+03,1.866351E+03,1.032713E-01,1.829297E-01,5.767113E+02,8.258351E+02,2.976648E-02,8.095720E-02,1.953244E+03,3.095346E+03,1.008151E-01,3.034292E-01,8.522404E+02,1.175087E+03,4.398769E-02,1.151889E-01 
20:15:00,3.340982E+03,2.152329E+03,1.724420E-01,2.110030E-01,1.108117E+04,8.398668E+03,5.719454E-01,8.233350E-01,4.176479E+03,2.905520E+03,2.155655E-01,2.848299E-01,1.656166E+03,9.329910E+02,8.548164E-02,9.145849E-02,5.419798E+03,3.525593E+03,2.797384E-01,3.455953E-01,1.988035E+03,1.172499E+03,1.026108E-01,1.149335E-01,3.308322E+03,2.040833E+03,1.707564E-01,2.000679E-01,1.104152E+04,7.701400E+03,5.698989E-01,7.549722E-01,4.166283E+03,2.819299E+03,2.150393E-01,2.763731E-01,1.647459E+03,1.333081E+03,8.503224E-02,1.306667E-01,5.428635E+03,4.983032E+03,2.801945E-01,4.884240E-01,1.997755E+03,1.721770E+03,1.031125E-01,1.687614E-01,5.729935E+02,7.988154E+02,2.957459E-02,7.830844E-02,1.938461E+03,3.009136E+03,1.000521E-01,2.949784E-01,8.487935E+02,1.139666E+03,4.380978E-02,1.117168E-01 
20:30:00,3.332397E+03,2.090287E+03,1.719990E-01,2.049225E-01,1.104775E+04,8.180056E+03,5.702204E-01,8.019096E-01,4.169091E+03,2.814880E+03,2.151842E-01,2.759465E-01,1.652550E+03,8.994058E+02,8.529503E-02,8.816690E-02,5.405957E+03,3.411199E+03,2.790240E-01,3.343840E-01,1.985090E+03,1.129366E+03,1.024588E-01,1.107061E-01,3.299748E+03,1.970212E+03,1.703138E-01,1.931483E-01,1.100808E+04,7.470995E+03,5.681732E-01,7.323966E-01,4.158945E+03,2.716544E+03,2.146606E-01,2.663039E-01,1.643844E+03,1.255586E+03,8.484567E-02,1.230736E-01,5.414793E+03,4.730451E+03,2.794801E-01,4.636755E-01,1.994812E+03,1.613193E+03,1.029606E-01,1.581221E-01,5.693919E+02,7.767410E+02,2.938870E-02,7.614476E-02,1.924149E+03,2.938210E+03,9.931336E-02,2.880267E-01,8.454885E+02,1.109241E+03,4.363920E-02,1.087347E-01 
20:45:00,3.324089E+03,2.036345E+03,1.715701E-01,1.996360E-01,1.101542E+04,7.986644E+03,5.685520E-01,7.829543E-01,4.162012E+03,2.734189E+03,2.148188E-01,2.680381E-01,1.649056E+03,8.709341E+02,8.511469E-02,8.537663E-02,5.392594E+03,3.312720E+03,2.783343E-01,3.247329E-01,1.982273E+03,1.092028E+03,1.023134E-01,1.070469E-01,3.291448E+03,1.912984E+03,1.698854E-01,1.875412E-01,1.097575E+04,7.280728E+03,5.665042E-01,7.137535E-01,4.151915E+03,2.630264E+03,2.142977E-01,2.578491E-01,1.640351E+03,1.194053E+03,8.466538E-02,1.170443E-01,5.401430E+03,4.526202E+03,2.787904E-01,4.436621E-01,1.991995E+03,1.525138E+03,1.028152E-01,1.494936E-01,5.659027E+02,7.590080E+02,2.920860E-02,7.440689E-02,1.910292E+03,2.880640E+03,9.859816E-02,2.823847E-01,8.423191E+02,1.083355E+03,4.347561E-02,1.061977E-01 
21:00:00,3.316048E+03,1.988492E+03,1.711551E-01,1.949463E-01,1.098416E+04,7.811833E+03,5.669382E-01,7.658216E-01,4.155229E+03,2.660967E+03,2.144687E-01,2.608617E-01,1.645680E+03,8.462347E+02,8.494040E-02,8.295608E-02,5.379692E+03,3.225986E+03,2.776684E-01,3.162329E-01,1.979576E+03,1.059013E+03,1.021742E-01,1.038113E-01,3.283415E+03,1.864712E+03,1.694708E-01,1.828113E-01,1.094447E+04,7.117296E+03,5.648898E-01,6.977389E-01,4.145179E+03,2.555266E+03,2.139500E-01,2.504995E-01,1.636975E+03,1.142898E+03,8.449114E-02,1.120317E-01,5.388527E+03,4.353511E+03,2.781244E-01,4.267399E-01,1.989300E+03,1.450942E+03,1.026761E-01,1.422228E-01,5.625221E+02,7.445810E+02,2.903412E-02,7.299314E-02,1.896876E+03,2.833156E+03,9.790569E-02,2.777316E-01,8.392795E+02,1.060982E+03,4.331873E-02,1.040050E-01 
21:15:00,3.308266E+03,1.944904E+03,1.707534E-01,1.906744E-01,1.095391E+04,7.650647E+03,5.653773E-01,7.500240E-01,4.148728E+03,2.593254E+03,2.141332E-01,2.542252E-01,1.642416E+03,8.241357E+02,8.477197E-02,8.079035E-02,5.367234E+03,3.147343E+03,2.770254E-01,3.085256E-01,1.976995E+03,1.029011E+03,1.020410E-01,1.008710E-01,3.275639E+03,1.822326E+03,1.690694E-01,1.786578E-01,1.091422E+04,6.971419E+03,5.633283E-01,6.834434E-01,4.138723E+03,2.487875E+03,2.136168E-01,2.438950E-01,1.633713E+03,1.098697E+03,8.432274E-02,1.077002E-01,5.376069E+03,4.201992E+03,2.774814E-01,4.118915E-01,1.986721E+03,1.386361E+03,1.025430E-01,1.358939E-01,5.592467E+02,7.325918E+02,2.886506E-02,7.181836E-02,1.883885E+03,2.793044E+03,9.723520E-02,2.738010E-01,8.363642E+02,1.041213E+03,4.316825E-02,1.020678E-01 
21:30:00,3.300733E+03,1.904591E+03,1.703646E-01,1.867233E-01,1.092466E+04,7.499830E+03,5.638673E-01,7.352422E-01,4.142497E+03,2.529805E+03,2.138116E-01,2.480063E-01,1.639262E+03,8.039654E+02,8.460917E-02,7.881359E-02,5.355204E+03,3.074711E+03,2.764045E-01,3.014073E-01,1.974524E+03,1.001263E+03,1.019135E-01,9.815149E-02,3.268112E+03,1.784151E+03,1.686809E-01,1.749168E-01,1.088495E+04,6.838068E+03,5.618179E-01,6.703746E-01,4.132535E+03,2.426016E+03,2.132974E-01,2.378324E-01,1.630559E+03,1.059498E+03,8.415998E-02,1.038586E-01,5.364039E+03,4.065737E+03,2.768605E-01,3.985383E-01,1.984252E+03,1.328874E+03,1.024155E-01,1.302602E-01,5.560731E+02,7.224060E+02,2.870126E-02,7.082030E-02,1.871306E+03,2.758341E+03,9.658595E-02,2.704004E-01,8.335677E+02,1.023389E+03,4.302391E-02,1.003210E-01 
21:45:00,3.293441E+03,1.866866E+03,1.699883E-01,1.830258E-01,1.089636E+04,7.357215E+03,5.624066E-01,7.212640E-01,4.136524E+03,2.469769E+03,2.135033E-01,2.421219E-01,1.636213E+03,7.852650E+02,8.445181E-02,7.698083E-02,5.343587E+03,3.006689E+03,2.758049E-01,2.947405E-01,1.972159E+03,9.752503E+02,1.017914E-01,9.560202E-02,3.260825E+03,1.749104E+03,1.683048E-01,1.714821E-01,1.085664E+04,6.714024E+03,5.603568E-01,6.582172E-01,4.126603E+03,2.368338E+03,2.129912E-01,2.321793E-01,1.627511E+03,1.024061E+03,8.400266E-02,1.003857E-01,5.352422E+03,3.941011E+03,2.762609E-01,3.863146E-01,1.981888E+03,1.276838E+03,1.022935E-01,1.251604E-01,5.529979E+02,7.135593E+02,2.854253E-02,6.995345E-02,1.859125E+03,2.727626E+03,9.595723E-02,2.673906E-01,8.308850E+02,1.007024E+03,4.288545E-02,9.871710E-02 
22:00:00,3.286383E+03,1.831231E+03,1.696239E-01,1.795331E-01,1.086898E+04,7.221284E+03,5.609935E-01,7.079407E-01,4.130799E+03,2.412549E+03,2.132078E-01,2.365134E-01,1.633266E+03,7.677137E+02,8.429971E-02,7.526066E-02,5.332369E+03,2.942299E+03,2.752259E-01,2.884297E-01,1.969895E+03,9.506119E+02,1.016745E-01,9.318721E-02,3.253771E+03,1.716457E+03,1.679407E-01,1.682824E-01,1.082926E+04,6.597127E+03,5.589432E-01,6.467600E-01,4.120917E+03,2.313922E+03,2.126978E-01,2.268458E-01,1.624565E+03,9.915659E+02,8.385059E-02,9.720093E-02,5.341204E+03,3.825345E+03,2.756819E-01,3.749786E-01,1.979625E+03,1.229128E+03,1.021767E-01,1.204844E-01,5.500179E+02,7.057116E+02,2.838872E-02,6.918446E-02,1.847329E+03,2.699870E+03,9.534838E-02,2.646706E-01,8.283111E+02,9.917616E+02,4.275260E-02,9.722135E-02 
22:15:00,3.279550E+03,1.772346E+03,1.692713E-01,1.737608E-01,1.084249E+04,7.012150E+03,5.596264E-01,6.874405E-01,4.125310E+03,2.330082E+03,2.129245E-01,2.284297E-01,1.630418E+03,7.417356E+02,8.415268E-02,7.271432E-02,5.321535E+03,2.851548E+03,2.746667E-01,2.795346E-01,1.967727E+03,9.169528E+02,1.015626E-01,8.988803E-02,3.246941E+03,1.661009E+03,1.675882E-01,1.628471E-01,1.080276E+04,6.408018E+03,5.575758E-01,6.282228E-01,4.115466E+03,2.234662E+03,2.124164E-01,2.190766E-01,1.621717E+03,9.517534E+02,8.370359E-02,9.329876E-02,5.330370E+03,3.686779E+03,2.751227E-01,3.613974E-01,1.977458E+03,1.174470E+03,1.020649E-01,1.151274E-01,5.471300E+02,6.882954E+02,2.823967E-02,6.747736E-02,1.835905E+03,2.641769E+03,9.475872E-02,2.589756E-01,8.258416E+02,9.658955E+02,4.262514E-02,9.468603E-02 
22:30:00,3.272935E+03,1.707782E+03,1.689299E-01,1.674305E-01,1.081687E+04,6.784456E+03,5.583038E-01,6.651173E-01,4.120048E+03,2.240316E+03,2.126529E-01,2.196292E-01,1.627664E+03,7.135754E+02,8.401054E-02,6.995363E-02,5.311072E+03,2.753749E+03,2.741266E-01,2.699473E-01,1.965651E+03,8.805732E+02,1.014555E-01,8.632174E-02,3.240329E+03,1.600141E+03,1.672469E-01,1.568792E-01,1.077713E+04,6.200731E+03,5.562528E-01,6.078998E-01,4.110239E+03,2.148322E+03,2.121466E-01,2.106118E-01,1.618964E+03,9.107924E+02,8.356148E-02,8.928356E-02,5.319906E+03,3.544401E+03,2.745826E-01,3.474413E-01,1.975384E+03,1.118956E+03,1.019578E-01,1.096859E-01,5.443314E+02,6.677846E+02,2.809522E-02,6.546635E-02,1.824840E+03,2.573335E+03,9.418763E-02,2.522664E-01,8.234719E+02,9.360195E+02,4.250283E-02,9.175714E-02 
22:45:00,3.266531E+03,1.641074E+03,1.685993E-01,1.608901E-01,1.079207E+04,6.550028E+03,5.570241E-01,6.421344E-01,4.115002E+03,2.147583E+03,2.123924E-01,2.105379E-01,1.625002E+03,6.844822E+02,8.387314E-02,6.710151E-02,5.300966E+03,2.653052E+03,2.736050E-01,2.600761E-01,1.963663E+03,8.429426E+02,1.013529E-01,8.263284E-02,3.233927E+03,1.537205E+03,1.669165E-01,1.507086E-01,1.075233E+04,5.986554E+03,5.549727E-01,5.869017E-01,4.105227E+03,2.059068E+03,2.118879E-01,2.018616E-01,1.616302E+03,8.698726E+02,8.342409E-02,8.527241E-02,5.309801E+03,3.402166E+03,2.740610E-01,3.334992E-01,1.973397E+03,1.063874E+03,1.018553E-01,1.042867E-01,5.416190E+02,6.453064E+02,2.795522E-02,6.326249E-02,1.814123E+03,2.498462E+03,9.363449E-02,2.449258E-01,8.211978E+02,9.035484E+02,4.238545E-02,8.857386E-02 
23:00:00,3.260331E+03,1.573050E+03,1.682793E-01,1.542211E-01,1.076808E+04,6.311381E+03,5.557858E-01,6.187388E-01,4.110163E+03,2.053039E+03,2.121427E-01,2.012694E-01,1.622428E+03,6.548262E+02,8.374030E-02,6.419432E-02,5.291205E+03,2.550604E+03,2.731012E-01,2.500334E-01,1.961759E+03,8.045346E+02,1.012546E-01,7.886782E-02,3.227728E+03,1.472978E+03,1.665965E-01,1.444116E-01,1.072833E+04,5.767852E+03,5.537342E-01,5.654609E-01,4.100421E+03,1.967992E+03,2.116399E-01,1.929329E-01,1.613728E+03,8.292565E+02,8.329127E-02,8.129110E-02,5.300040E+03,3.260903E+03,2.735572E-01,3.196527E-01,1.971494E+03,1.009500E+03,1.017571E-01,9.895698E-02,5.389901E+02,6.213184E+02,2.781953E-02,6.091070E-02,1.803743E+03,2.418621E+03,9.309872E-02,2.370987E-01,8.190153E+02,8.690696E+02,4.227280E-02,8.519387E-02 
23:15:00,2.442936E+03,1.160924E+03,1.260901E-01,1.138159E-01,8.067119E+03,4.664727E+03,4.163777E-01,4.573072E-01,3.080821E+03,1.511122E+03,1.590141E-01,1.481422E-01,1.215862E+03,4.823842E+02,6.275571E-02,4.728925E-02,3.964766E+03,1.881916E+03,2.046382E-01,1.844822E-01,1.470611E+03,5.914075E+02,7.590438E-02,5.797504E-02,2.418484E+03,1.087258E+03,1.248281E-01,1.065950E-01,8.037305E+03,4.264406E+03,4.148389E-01,4.180667E-01,3.073527E+03,1.448618E+03,1.586376E-01,1.420155E-01,1.209337E+03,6.092203E+02,6.241895E-02,5.972113E-02,3.971392E+03,2.400457E+03,2.049801E-01,2.353067E-01,1.477913E+03,7.393179E+02,7.628125E-02,7.247214E-02,4.032622E+02,4.594467E+02,2.081405E-02,4.504144E-02,1.348937E+03,1.791592E+03,6.962426E-02,1.756301E-01,6.134491E+02,6.413620E+02,3.166267E-02,6.287176E-02 
23:30:00,1.627116E+03,7.635730E+02,8.398226E-02,7.486040E-02,5.372248E+03,3.071223E+03,2.772842E-01,3.010891E-01,2.129162E+03,9.910719E+02,1.087325E-01,9.715974E-02,8.099492E+02,3.166083E+02,4.180487E-02,3.103800E-02,2.652283E+03,1.236684E+03,1.367207E-01,1.212313E-01,1.020391E+03,3.872791E+02,5.205391E-02,3.796469E-02,1.610815E+03,7.153157E+02,8.314090E-02,7.013005E-02,5.352370E+03,2.808945E+03,2.762582E-01,2.753799E-01,2.121668E+03,9.502054E+02,1.083863E-01,9.315390E-02,8.055997E+02,3.987062E+02,4.158037E-02,3.908487E-02,2.657640E+03,1.573519E+03,1.369828E-01,1.542460E-01,1.027562E+03,4.822963E+02,5.239156E-02,4.727762E-02,2.682015E+02,3.027045E+02,1.384300E-02,2.967548E-02,8.967653E+02,1.182048E+03,4.628581E-02,1.158767E-01,4.084393E+02,4.215638E+02,2.108126E-02,4.132539E-02 
23:45:00,8.191158E+02,3.770029E+02,4.218233E-02,3.696146E-02,2.983705E+03,1.517572E+03,1.494781E-01,1.487768E-01,1.365631E+03,4.879308E+02,6.530338E-02,4.783457E-02,4.278120E+02,1.560041E+02,2.173428E-02,1.529361E-02,1.521423E+03,6.099766E+02,7.545694E-02,5.979586E-02,6.533151E+02,1.903836E+02,3.122444E-02,1.866326E-02,8.046697E+02,3.532917E+02,4.153237E-02,3.463721E-02,2.959497E+03,1.388675E+03,1.484459E-01,1.361420E-01,1.356957E+03,4.678892E+02,6.495204E-02,4.587003E-02,4.234120E+02,1.958943E+02,2.154057E-02,1.920348E-02,1.526614E+03,7.741855E+02,7.567877E-02,7.589076E-02,6.602000E+02,2.362100E+02,3.151448E-02,2.315485E-02,1.337874E+02,1.497597E+02,6.905325E-03,1.468169E-02,4.471464E+02,5.854931E+02,2.307910E-02,5.739638E-02,2.039634E+02,2.080316E+02,1.052740E-02,2.039317E-02 
24:00:00,1.041659E+02,0.000000E+00,3.786350E-03,0.000000E+00,8.753425E+02,0.000000E+00,3.186339E-02,0.000000E+00,7.033063E+02,0.000000E+00,2.555721E-02,0.000000E+00,9.185463E+01,0.000000E+00,3.343175E-03,0.000000E+00,5.234644E+02,0.000000E+00,1.903347E-02,0.000000E+00,3.331300E+02,0.000000E+00,1.210384E-02,0.000000E+00,8.795692E+01,0.000000E+00,3.198170E-03,0.000000E+00,8.477554E+02,0.000000E+00,3.086050E-02,0.000000E+00,6.931871E+02,0.000000E+00,2.519052E-02,0.000000E+00,8.750816E+01,0.000000E+00,3.184671E-03,0.000000E+00,5.283415E+02,0.000000E+00,1.921010E-02,0.000000E+00,3.395237E+02,0.000000E+00,1.233879E-02,0.000000E+00,0.000000E+00,0.000000E+00,0.000000E+00,0.000000E+00,0.000000E+00,0.000000E+00,0.000000E+00,0.000000E+00,0.000000E+00,0.000000E+00,0.000000E+00,0.000000E+00 
Peak,5.969837E+03,4.406507E+03,2.944194E-01,4.319710E-01,1.994614E+04,1.560678E+04,9.862719E-01,1.529902E+00,8.263952E+03,5.782808E+03,4.075641E-01,5.668714E-01,2.928061E+03,2.739660E+03,1.449678E-01,2.685408E-01,9.725904E+03,9.190991E+03,4.821387E-01,9.008893E-01,3.855636E+03,3.286441E+03,1.904865E-01,3.221311E-01,5.995154E+03,3.097825E+03,2.954155E-01,3.037029E-01,1.978136E+04,1.104653E+04,9.785134E-01,1.082939E+00,8.247093E+03,4.106870E+03,4.067471E-01,4.026080E-01,2.917831E+03,3.135687E+03,1.444608E-01,3.073544E-01,9.735661E+03,1.053549E+04,4.826240E-01,1.032659E+00,3.865817E+03,3.922700E+03,1.909890E-01,3.844880E-01,2.093844E+03,9.444724E+02,1.026541E-01,9.258961E-02,6.809997E+03,3.482387E+03,3.355578E-01,3.413751E-01,2.934002E+03,1.320209E+03,1.451534E-01,1.294167E-01 

Peak Vol Flow (m3/s),,,2.445296E-01,3.587730E-01,,,8.191469E-01,1.270658E+00,,,3.385019E-01,4.708143E-01,,,1.204028E-01,2.230363E-01,,,4.004397E-01,7.482325E-01,,,1.582084E-01,2.675456E-01,,,2.453570E-01,2.522401E-01,,,8.127031E-01,8.994340E-01,,,3.378233E-01,3.343856E-01,,,1.199817E-01,2.552728E-01,,,4.008428E-01,8.576740E-01,,,1.586257E-01,3.193361E-01,,,8.525921E-02,7.690019E-02,,,2.786971E-01,2.835287E-01,,,1.205570E-01,1.074869E-01 
