Date/Time,Environment:Outdoor Dry Bulb [C](TimeStep),ZN001:WALL001:WIN001:Surface Ext Solar Incident[W/m2](TimeStep),ZN001:WALL001:WIN001:Window Solar Absorbed:All Glass Layers [W](TimeStep),ZN001:WALL001:WIN001:Window Transmitted Solar [W](TimeStep),ZN001:WALL001:WIN001:Window Heat Gain [W](TimeStep),ZN001:WALL001:WIN001:Window Heat Loss [W](TimeStep),ZN001:WALL001:WIN001:Surface Inside Face Temperature [C](TimeStep),ZN001:WALL001:WIN001:Surface Outside Face Temperature [C](TimeStep),ZN001:WALL001:WIN001:Storm Window On/Off Flag [](TimeStep),WEST ZONE:Zone/Sys Sensible Heating Rate [W](TimeStep),WEST ZONE:Zone/Sys Sensible Cooling Rate [W](TimeStep),WEST ZONE:Zone/Sys Air Temperature [C](TimeStep),EAST ZONE:Zone/Sys Sensible Heating Rate [W](TimeStep),EAST ZONE:Zone/Sys Sensible Cooling Rate [W](TimeStep),EAST ZONE:Zone/Sys Air Temperature [C](TimeStep),NORTH ZONE:Zone/Sys Sensible Heating Rate [W](TimeStep),NORTH ZONE:Zone/Sys Sensible Cooling Rate [W](TimeStep),NORTH ZONE:Zone/Sys Air Temperature [C](TimeStep) 
 01/21  00:10:00,-17.3,0.0,0.0,0.0,0.0,718.729788974515,2.86316310200607,-11.3282739926854,1.,1014.39143832495,0.0,15.0000000000002,2337.17804608144,0.0,15.,4274.68274241329,0.0,15.0000000000007 
 01/21  00:20:00,-17.3,0.0,0.0,0.0,0.0,716.992972668496,2.81633366743603,-11.3469387753519,1.,1059.01699705202,0.0,15.0000000000001,2369.20486444013,0.0,15.0000000000002,4305.45193227933,0.0,15.0000000000001 
 01/21  00:30:00,-17.3,0.0,0.0,0.0,0.0,715.291695487557,2.77044182823659,-11.3652262250768,1.,1102.59786229445,0.0,15.0000000000003,2400.61237885745,0.0,15.,4335.53448675415,0.0,15.0000000000007 
 01/21  00:40:00,-17.3,0.0,0.0,0.0,0.0,713.624626831174,2.725452974973,-11.3831503266885,1.,1145.05176138634,0.0,15.0000000000003,2431.41145131844,0.0,15.0000000000006,4364.95039276814,0.0,15.0000000000003 
 01/21  00:50:00,-17.3,0.0,0.0,0.0,0.0,711.990341483271,2.68132989704577,-11.4007260748575,1.,1186.16402679514,0.0,15.0000000000002,2461.61309145922,0.0,15.0000000000007,4393.71900122676,0.0,15.0000000000005 
 01/21  01:00:00,-17.3,0.0,0.0,0.0,0.0,710.387037346567,2.63802530066192,-11.4179724081938,1.,1226.31630690732,0.0,15.,2491.22841343458,0.0,15.0000000000003,4421.85903656936,0.0,15.0000000000001 
 01/21  01:10:00,-17.3,0.0,0.0,0.0,0.0,708.814109992441,2.59552317963835,-11.4348961074851,1.,1266.59088176715,0.0,15.0000000000002,2520.26859815238,0.0,15.0000000000005,4449.38860755216,0.0,15.0000000000005 
 01/21  01:20:00,-17.3,0.0,0.0,0.0,0.0,707.273271543983,2.55386929428278,-11.4514795861819,1.,1306.26518021748,0.0,15.,2548.74486061725,0.0,15.,4476.32521971125,0.0,15.0000000000001 
 01/21  01:30:00,-17.3,0.0,0.0,0.0,0.0,705.763389993164,2.51303571690812,-11.4677335528529,1.,1345.30969847541,0.0,15.0000000000003,2576.6684217491,0.0,15.0000000000004,4502.68578963656,0.0,15.0000000000008 
 01/21  01:40:00,-17.3,0.0,0.0,0.0,0.0,704.283670319672,2.47300186001081,-11.4836664338463,1.,1383.6923897428,0.0,15.,2604.05048271481,0.0,15.,4528.48666069185,0.0,15.0000000000001 
 01/21  01:50:00,-17.3,0.0,0.0,0.0,0.0,702.833305926705,2.43374685764837,-11.4992866898779,1.,1421.3910755475,0.0,15.0000000000003,2630.90219933469,0.0,15.0000000000005,4553.74361988223,0.0,15.0000000000008 
 01/21  02:00:00,-17.3,0.0,0.0,0.0,0.0,701.411486996973,2.3952497008288,-11.5146028268265,1.,1458.39050860911,0.0,15.0000000000003,2657.23465549857,0.0,15.,4578.47191533553,0.0,15.0000000000003 
 01/21  02:10:00,-17.3,0.0,0.0,0.0,0.0,700.017409973987,2.35748949379439,-11.5296232985653,1.,1494.6800574083,0.0,15.0000000000003,2683.05883654032,0.0,15.0000000000005,4602.68627417106,0.0,15. 
 01/21  02:20:00,-17.3,0.0,0.0,0.0,0.0,698.650282805705,2.3204456010572,-11.5443564485057,1.,1530.2521558811,0.0,15.0000000000003,2708.38560418686,0.0,15.,4626.40092037421,0.0,15.0000000000003 
 01/21  02:30:00,-17.3,0.0,0.0,0.0,0.0,697.309327592967,2.28409772309129,-11.5588104794256,1.,1565.1012135066,0.0,15.0000000000003,2733.22567454868,0.0,15.0000000000007,4649.62959256968,0.0,15.0000000000006 
 01/21  02:40:00,-17.3,0.0,0.0,0.0,0.0,695.993781626414,2.24842592765845,-11.5729934410932,1.,1599.22278236904,0.0,15.,2757.58959983102,0.0,15.0000000000003,4672.38556150503,0.0,15.0000000000001 
 01/21  02:50:00,-17.3,0.0,0.0,0.0,0.0,694.70289734496,2.21341065153808,-11.5869132296983,1.,1632.61285338525,0.0,15.0000000000004,2781.4877539619,0.0,15.0000000000005,4694.68164717712,0.0,15.0000000000008 
 01/21  03:00:00,-17.3,0.0,0.0,0.0,0.0,693.43594149389,2.17903268008058,-11.6005775961451,1.,1665.26719011134,0.0,15.,2804.9303218062,0.0,15.0000000000003,4716.53023549957,0.0,15.0000000000003 
 01/21  03:10:00,-17.3,0.0,0.0,0.0,0.0,692.192193573868,2.14527310751214,-11.6139941619682,1.,1697.18061741991,0.0,15.0000000000003,2827.92729156143,0.0,15.0000000000005,4737.94329452661,0.0,15.0000000000006 
 01/21  03:20:00,-17.3,0.0,0.0,0.0,0.0,690.970943547075,2.11211327686692,-11.6271704433233,1.,1728.34616690882,0.0,15.0000000000005,2850.48844975196,0.0,15.,4758.93239011975,0.0,15.0000000000001 
 01/21  03:30:00,-17.3,0.0,0.0,0.0,0.0,689.771488604482,2.07953469430981,-11.6401138850443,1.,1758.75393238542,0.0,15.0000000000002,2872.62337836272,0.0,15.0000000000007,4779.50870114012,0.0,15.0000000000005 
 01/21  03:40:00,-17.3,0.0,0.0,0.0,0.0,688.59312856189,2.04751890646054,-11.6528319092962,1.,1788.38937643362,0.0,15.0000000000002,2894.34145361729,0.0,15.0000000000001,4799.68303405996,0.0,15.0000000000001 
 01/21  03:50:00,-17.3,0.0,0.0,0.0,0.0,687.435159040974,2.01604731767492,-11.6653319878146,1.,1817.23056774307,0.0,15.0000000000002,2915.65184608053,0.0,15.0000000000005,4819.46583709494,0.0,15.0000000000008 
 01/21  04:00:00,-17.3,0.0,0.0,0.0,0.0,686.296860672649,1.98510090016248,-11.6776217562597,1.,1845.24315886778,0.0,15.0000000000002,2936.56352171746,0.0,15.,4838.8672137601,0.0,15.0000000000001 
 01/21  04:10:00,-17.3,0.0,0.0,0.0,0.0,685.177480356712,1.95465969022831,-11.6897092125217,1.,1872.36989940567,0.0,15.,2957.08524373933,0.0,15.0000000000007,4857.89693597109,0.0,15.0000000000008 
 01/21  04:20:00,-17.3,0.0,0.0,0.0,0.0,683.909985045016,1.92454777841976,-11.6992751055914,1.,1898.33157066849,0.0,15.0000000000004,2977.22557497884,0.0,15.0000000000001,4876.56445658395,0.0,15.0000000000001 
 01/21  04:30:00,-17.3,0.0,0.0,0.0,0.0,682.987690953416,1.8952498066609,-11.713254590285,1.,1923.38220477434,0.0,15.0000000000004,2996.99288072587,0.0,15.0000000000005,4894.87892151973,0.0,15.0000000000008 
 01/21  04:40:00,-17.3,0.0,0.0,0.0,0.0,681.760253433607,1.86599173830905,-11.7225876431785,1.,1945.58559178926,0.0,15.0000000000006,3016.39533183898,0.0,15.,4912.84918135605,0.0,15.0000000000004 
 01/21  04:50:00,-17.3,0.0,0.0,0.0,0.0,680.687425640013,1.83750608193662,-11.7335690195713,1.,1968.96984484748,0.0,15.,3035.44090813538,0.0,15.0000000000008,4930.4838025454,0.0,15. 
 01/21  05:00:00,-17.3,0.0,0.0,0.0,0.0,679.647367741416,1.8093045711986,-11.7447355764287,1.,1992.14863099382,0.0,15.0000000000006,3054.13740192941,0.0,15.0000000000003,4947.79107816597,0.0,15.0000000000008 
 01/21  05:10:00,-17.3,0.0,0.0,0.0,0.0,678.627811096388,1.78151227067292,-11.755797068208,1.,2015.15528578028,0.0,15.,3072.49242176947,0.0,15.0000000000005,4964.77903833381,0.0,15.0000000000001 
 01/21  05:20:00,-17.3,0.0,0.0,0.0,0.0,677.625927757956,1.75415706273543,-11.7666933965969,1.,2037.95886851253,0.0,15.0000000000006,3090.51339625523,0.0,15.0000000000001,4981.45546025274,0.0,15.0000000000008 
 01/21  05:30:00,-17.3,0.0,0.0,0.0,0.0,676.640693638168,1.72723810809509,-11.7774152747078,1.,2060.538541893,0.0,15.,3108.20757790372,0.0,15.0000000000005,4997.82787780184,0.0,15.0000000000004 
 01/21  05:40:00,-17.3,0.0,0.0,0.0,0.0,675.671580247392,1.70074868256199,-11.7879640751597,1.,2082.88048671676,0.0,15.0000000000006,3125.58204690615,0.0,15.0000000000003,5013.90359069205,0.0,15.0000000000006 
 01/21  05:50:00,-17.3,0.0,0.0,0.0,0.0,674.718190047711,1.67468061728891,-11.7983431893918,1.,2104.97542660245,0.0,15.,3142.64371479335,0.0,15.0000000000005,5029.68967306538,0.0,15.0000000000003 
 01/21  06:00:00,-17.3,0.0,0.0,0.0,0.0,673.780171172667,1.6490254963918,-11.8085562392321,1.,2126.81714764456,0.0,15.0000000000006,3159.39932795495,0.0,15.0000000000001,5045.1929816829,0.0,15. 
 01/21  06:10:00,-17.3,0.0,0.0,0.0,0.0,672.495421138564,1.62954625443217,-11.8168188982058,1.,2125.39139988671,0.0,15.,3017.16017955471,0.0,15.0000000000008,4948.27067686415,0.0,15.0000000000008 
 01/21  06:20:00,-17.3,0.0,0.0,0.0,0.0,671.578187082979,1.60515818327349,-11.8261480100458,1.,2146.39142764905,0.0,15.0000000000002,3029.76634079252,0.0,15.0000000000006,4960.80754327379,0.0,15.0000000000004 
 01/21  06:30:00,-17.3,0.0,0.0,0.0,0.0,670.687852127327,1.58095915625552,-11.8356959710312,1.,2167.25854319849,0.0,15.,3043.35139080614,0.0,15.0000000000001,4973.9592494583,0.0,15.0000000000006 
 01/21  06:40:00,-17.3,0.0,0.0,0.0,0.0,669.813061009007,1.55705863706555,-11.8451862128705,1.,2187.8973225123,0.0,15.0000000000006,3057.07664371833,0.0,15.0000000000005,4987.13620675109,0.0,15.0000000000001 
 01/21  06:50:00,-17.3,0.0,0.0,0.0,0.0,668.952119432518,1.53349930662989,-11.8545541801537,1.,2208.29305710058,0.0,15.,3070.76635409718,0.0,15.0000000000001,5000.2208826774,0.0,15.0000000000008 
 01/21  07:00:00,-17.3,0.0,0.0,0.0,0.0,668.104458975202,1.51028879893886,-11.8637856010988,1.,2228.4402586128,0.0,15.0000000000006,3084.34822998082,0.0,15.0000000000003,5013.16656305739,0.0,15.0000000000001 
 01/21  07:10:00,-17.3,0.0,0.0,0.0,0.0,665.823080393318,1.51050375423426,-11.8657352630804,1.,4892.26636854198,0.0,20.091278586397,5266.46610212101,0.0,20.0561266275559,8790.23738489897,0.0,20.0137953628467 
 01/21  07:20:00,-17.3,8.640721846791901E-011,1.462857684360038E-010,5.743112864346208E-010,0.0,716.505956322089,2.87436649001239,-11.3163138872902,1.,3043.0261920115,0.0,20.0000000000008,3456.30652261652,0.0,20.0000000000014,6060.08268914836,0.0,20.0000000000003 
 01/21  07:30:00,-17.3,12.2538617992135,20.6004856335029,83.17128029237,0.0,628.784024795096,3.08191179183001,-11.1660599377464,1.,4733.83098400944,0.0,20.0000000000012,5079.00198872914,0.0,20.0000000000002,8443.60269446792,0.0,20.0000000000001 
 01/21  07:40:00,-17.3,86.4189925174799,144.700198201993,596.802147029925,0.0,66.4428863413439,3.87747826191833,-10.3587508780735,1.,4224.67532918748,0.0,20.0000000000008,4611.88136320182,0.0,19.9999999999997,7777.16454109155,0.0,20.0000000000011 
 01/21  07:50:00,-17.3,179.608806997279,299.200293563024,1260.31668165627,656.548815001671,0.0,4.86499872608033,-9.38796919296357,1.,4105.6859381721,0.0,20.0000000000007,4560.78774241041,0.0,20.,7701.25003258902,0.0,20.0000000000006 
 01/21  08:00:00,-17.3,258.750244609091,429.090451404262,1842.8766403232,1287.82749898061,0.0,5.71792640936701,-8.58075745653133,1.,3973.46568488325,0.0,20.0000000000001,4513.90825606008,0.0,20.,7634.88563713414,0.0,20.0000000000001 
 01/21  08:10:00,-17.3,329.433797109691,542.701612558426,2377.92016119886,1901.88475397561,0.0,7.01706643593928,-7.65663541614794,1.,1641.53895995101,0.0,19.9999999999999,3328.73485736953,0.0,19.9999999999995,5352.45029684629,0.0,20.0000000000003 
 01/21  08:20:00,-17.3,392.503584781944,641.589619175023,2866.61995636656,2422.84503895005,0.0,7.74232105405616,-7.02905211576399,1.,1479.79396866451,0.0,19.9999999999997,3269.40215645854,0.0,20.0000000000004,5259.43496088494,0.0,20.0000000000006 
 01/21  08:30:00,-17.3,449.126074786648,727.908359042535,3313.86187872808,2897.4551776116,0.0,8.36972805890451,-6.48668915518692,1.,1335.26687598794,0.0,20.0000000000001,3216.79259681069,0.0,19.9999999999998,5182.3430049316,0.0,20.0000000000001 
 01/21  08:40:00,-17.3,500.34115125407,803.615097265405,3724.74059009736,3331.00011955279,0.0,8.93502742529756,-6.00290692399034,1.,1199.78864441674,0.0,20.,3163.93237984974,0.0,19.9999999999995,5109.906554658,0.0,20. 
 01/21  08:50:00,-17.3,546.98007093968,870.339264147332,4103.62144017168,3728.19250457843,0.0,9.44677457339321,-5.57330612203179,1.,1071.83859932157,0.0,19.9999999999998,3108.13217714101,0.0,20.0000000000004,5038.978537249,0.0,19.9999999999997 
 01/21  09:00:00,-17.3,581.70454268815,916.948566384976,4398.27598424669,4032.85500088956,0.0,9.83795935096862,-5.26528960598773,1.,955.114093293091,0.0,19.9999999999998,3047.80398244078,0.0,20.0000000000003,4967.92172292691,0.0,20.0000000000005 
 01/21  09:10:00,-17.3,620.496513089842,968.754827759715,4719.68325585108,4365.19052059587,0.0,10.2593413847441,-4.9226761480154,1.,842.419386704679,0.0,19.9999999999998,2982.07681434375,0.0,20.0000000000005,4895.83519301431,0.0,19.9999999999998 
 01/21  09:20:00,-17.3,656.241324896856,1014.97525840491,5017.6875522402,4671.23567645965,0.0,10.6482317412544,-4.61394313596963,1.,734.72426955378,0.0,19.9999999999999,2910.62514613801,0.0,19.9999999999998,4822.27796338224,0.0,19.9999999999995 
 01/21  09:30:00,-17.3,689.214180181709,1056.36028937204,5293.89037279142,4953.78142537822,0.0,11.0068378755011,-4.33408803352791,1.,631.132556319918,0.0,19.9999999999999,2833.54193301619,0.0,19.9999999999995,4747.11555325427,0.0,20.0000000000002 
 01/21  09:40:00,-17.3,719.621273898846,1093.52705906443,5549.50625918624,5214.31266620226,0.0,11.3383140777591,-4.0794130550089,1.,530.543491910066,0.0,20.,2751.21584075385,0.0,20.0000000000004,4670.41777860808,0.0,20. 
 01/21  09:50:00,-17.3,747.617730572279,1126.97816033269,5785.46193298288,5453.93259034876,0.0,11.6461314143264,-3.84654947416823,1.,432.345292371442,0.0,20.,2664.22000831548,0.0,20.0000000000002,4592.3873381308,0.0,19.9999999999995 
 01/21  10:00:00,-17.3,773.32058294446,1157.11598516744,6002.47000559316,5673.50063960736,0.0,11.9329296115541,-3.63289549213255,1.,336.274025954792,0.0,20.,2573.22929469193,0.0,20.0000000000002,4513.30777113408,0.0,20.0000000000002 
 01/21  10:10:00,-17.3,796.818243606777,1184.255483045,6201.08344886621,5873.68930847819,0.0,12.2007333439508,-3.43646671291549,1.,242.270757046336,0.0,20.,2478.96525670117,0.0,20.0000000000002,4433.50482913957,0.0,20. 
 01/21  10:20:00,-17.3,818.177487315626,1208.63672701689,6381.73550666516,6054.74738604972,0.0,12.446095850129,-3.2632321625947,1.,150.477396562583,0.0,20.,2382.16010577827,0.0,20.0000000000002,4353.31811777455,0.0,19.9999999999995 
 01/21  10:30:00,-17.3,837.448651429324,1230.43765310205,6544.76862797074,6217.71460768823,0.0,12.6802457854756,-3.09678384455378,1.,60.8631858439257,0.0,20.,2283.53278344906,0.0,20.,4273.08058633269,0.0,20.0000000000004 
 01/21  10:40:00,-17.3,854.669546826946,1249.78668495402,6690.45522934046,6362.63389181576,0.0,12.8988689914518,-2.94434327063055,1.,0.0,0.0,20.035757518352,2183.77320775218,0.0,19.9999999999998,4193.10374628978,0.0,20. 
 01/21  10:50:00,-17.3,869.868424004356,1266.7746306129,6819.01252396909,6489.45460996572,0.0,13.1102159597504,-2.80249524223069,1.,0.0,0.0,20.1800205890431,2083.53236896024,0.0,19.9999999999997,4113.66809094559,0.0,20. 
 01/21  11:00:00,-17.3,883.06623755287,1281.4651798829,6930.61319058305,6597.72835205565,0.0,13.3310092438942,-2.66453494838703,1.,0.0,0.0,20.3930562573122,1983.41670895056,0.0,19.9999999999998,4035.02075321532,0.0,20. 
 01/21  11:10:00,-17.3,894.278382010586,1293.9034677819,7025.39324356543,6687.9761552801,0.0,13.5545469241277,-2.53308036330714,1.,0.0,0.0,20.615517035366,1883.98561259861,0.0,19.9999999999997,3957.38093716136,0.0,20. 
 01/21  11:20:00,-17.3,903.516023011302,1304.1224247088,7103.45808604429,6760.96471366886,0.0,13.7680216289195,-2.41319537579875,1.,0.0,0.0,20.8265790155184,1785.75109959957,0.0,19.9999999999998,3880.94903344464,0.0,20. 
 01/21  11:30:00,-17.3,910.787112935372,1312.14693183679,7164.88738318633,6817.23748343008,0.0,13.9657058726456,-2.30723377794118,1.,0.0,0.0,21.0330516951216,1689.17900584245,0.0,19.9999999999997,3805.91454097331,0.0,19.9999999999998 
 01/21  11:40:00,-17.3,916.097155313575,1317.99607350201,7209.73909831358,6857.35962897828,0.0,14.1474658844831,-2.2155569480982,1.,0.0,0.0,21.2454140613384,1594.69111350816,0.0,20.0000000000001,3732.46069911176,0.0,20.0000000000002 
 01/21  11:50:00,-17.3,919.449763947877,1321.68397465563,7238.05280646457,6880.71318771696,0.0,14.3160089750266,-2.13667824597547,1.,0.0,0.0,21.4668132942786,1502.66783937469,0.0,20.,3660.76611623179,0.0,20. 
 01/21  12:00:00,-17.3,920.847048961948,1323.21979823125,7249.85225024516,6886.85983597384,0.0,14.4735022827639,-2.06944805550643,1.,0.0,0.0,21.6940405815019,1413.45121268746,0.0,19.9999999999998,3591.00449220972,0.0,20. 
 01/21  12:10:00,-17.3,920.28985128527,1322.6074442342,7245.14703318884,6874.38398599023,0.0,14.5985949943646,-2.0223227929514,1.,0.0,0.0,21.8006099606987,1422.84725277003,0.0,20.0000000000001,3650.81425782056,0.0,20. 
 01/21  12:20:00,-17.3,917.777838324408,1319.84535103428,7223.93334684326,6847.4701742551,0.0,14.702978232649,-1.99061281497416,1.,0.0,0.0,21.9273839988673,1341.5788432258,0.0,19.9999999999999,3587.45132970602,0.0,19.9999999999998 
 01/21  12:30:00,-17.3,913.309465956285,1314.92657992662,7186.19367923579,6803.3994248458,0.0,14.7963532028995,-1.97054974979943,1.,0.0,0.0,22.12422403884,1263.38860724485,0.0,19.9999999999999,3525.71201279482,0.0,19.9999999999996 
 01/21  12:40:00,-17.3,906.8818048084,1307.83910973322,7131.89552624994,6742.59138842393,0.0,14.8882353076992,-1.95899475796205,1.,0.0,0.0,22.3566838161796,1188.79210720613,0.0,19.9999999999999,3466.14644372406,0.0,20.0000000000002 
 01/21  12:50:00,-17.3,898.490221443609,1298.56602800269,7060.9891922706,6664.9625387384,0.0,14.9721755902003,-1.95833663113825,1.,0.0,0.0,22.5903411824168,1117.91958896493,0.0,19.9999999999999,3408.74943774945,0.0,20. 
 01/21  13:00:00,-17.3,888.1278968939,1287.08512586249,6973.40479214715,6570.3739832424,0.0,15.0418570559041,-1.9708609072066,1.,0.0,0.0,22.817955410487,1050.77024741124,0.0,20.,3353.33080775525,0.0,19.9999999999998 
 01/21  13:10:00,-17.3,875.785155235292,1273.3673213889,6869.04852908583,6460.01197344441,0.0,15.114889335515,-1.9894664434803,1.,0.0,0.0,23.0749404188404,891.837454012557,0.0,20.,3172.17095835757,0.0,20. 
 01/21  13:20:00,-17.3,861.448562607353,1257.37337158543,6747.79820817689,6329.35777261054,0.0,15.1885812563544,-2.01525472128071,1.,0.0,0.0,23.4755080067842,830.483057327799,0.0,20.,3117.8219955256,0.0,19.9999999999999 
 01/21  13:30:00,-17.3,845.099740960997,1239.04848500392,6609.49774995834,6181.32792314319,0.0,15.2415245530372,-2.05680624400804,1.,0.0,0.0,23.7638368855952,773.072476582629,0.0,19.9999999999999,3065.3265099441,0.0,20. 
 01/21  13:40:00,-17.3,826.713819044069,1218.31469257477,6453.95020054101,6016.60128338066,0.0,15.2511414777114,-2.1232487997753,1.,0.0,0.0,23.9744555784102,719.150499266222,0.0,19.9999999999999,3013.93645907661,0.0,19.9999999999998 
 01/21  13:50:00,-17.3,806.257413072473,1195.06112900718,6280.90840964769,5833.86242745402,0.0,15.2395061280357,-2.20604493371985,1.,0.0,0.0,24.1774698488676,668.551151619469,0.0,19.9999999999999,2963.37409123134,0.0,19.9999999999996 
 01/21  14:00:00,-17.3,783.685987317927,1169.13265959999,6090.0621820756,5632.67818621244,0.0,15.2070263895932,-2.3055443377674,1.,0.0,0.0,24.3950654581214,621.162365945498,0.0,19.9999999999999,2913.48149880066,0.0,19.9999999999996 
 01/21  14:10:00,-17.3,758.94038473616,1140.31748456041,5881.0203109231,5412.33931931792,0.0,15.1573959751858,-2.4209940836206,1.,0.0,0.0,24.6152577288173,576.898918368536,0.0,20.,2864.17933447198,0.0,19.9999999999997 
 01/21  14:20:00,-17.3,731.942231221487,1108.33438776804,5653.28546375118,5172.34442798333,0.0,15.0866251894161,-2.55501278643783,1.,0.0,0.0,24.8248231397285,535.692807706986,0.0,20.,2815.45047651892,0.0,19.9999999999998 
 01/21  14:30:00,-17.3,702.587791455505,1072.82009470463,5406.21937733883,4912.05464322962,0.0,14.989361724541,-2.71109834309669,1.,0.0,0.0,25.0199380487373,497.487958885101,0.0,20.,2767.32975877939,0.0,19.9999999999997 
 01/21  14:40:00,-17.3,670.739671270429,1033.31669855753,5138.99514513135,4630.25508407938,0.0,14.8581565355404,-2.90069025169225,1.,0.0,0.0,25.2006997815611,462.236512093434,0.0,20.,2719.89606481386,0.0,19.9999999999998 
 01/21  14:50:00,-17.3,636.215495806733,989.25825055027,4850.53243772187,4326.20498523001,0.0,14.6956615779964,-3.11235732280431,1.,0.0,0.0,25.3658907429885,429.895910891816,0.0,20.,2673.26591337634,0.0,19.9999999999997 
 01/21  15:00:00,-17.3,598.772314975617,939.954356887158,4539.41016423149,3997.55978633556,0.0,14.494980247014,-3.35742163779815,1.,0.0,0.0,25.5101969592716,400.426455988327,0.0,20.,2627.58827437423,0.0,19.9999999999997 
 01/21  15:10:00,-17.3,565.784839710546,896.598899725994,4257.53548524899,3699.60200464762,0.0,14.3215339453474,-3.56825478360179,1.,0.0,0.0,25.6369428798826,373.789123281251,0.0,20.,2583.04052053005,0.0,19.9999999999998 
 01/21  15:20:00,-17.3,520.906528450772,833.31069757085,3891.28520219203,3309.22156872798,0.0,14.026141628937,-3.90129247175264,1.,0.0,0.0,25.7556834251975,349.943483582072,0.0,20.,2539.82544003516,0.0,19.9999999999997 
 01/21  15:30:00,-17.3,471.748205806243,761.645854369403,3494.64303015366,2884.89587030221,0.0,13.6725194724748,-4.28561047632411,1.,0.0,0.0,25.8607889812625,328.845662149763,0.0,20.,2498.16890450162,0.0,20.0000000000001 
 01/21  15:40:00,-17.3,417.565341243341,680.109124464253,3063.62076892608,2422.02696442239,0.0,13.250091124579,-4.73324213024239,1.,0.0,0.0,25.9416425319194,310.446869218244,0.0,20.,2458.31841563493,0.0,19.9999999999999 
 01/21  15:50:00,-17.3,357.406346623097,586.882869584187,2593.38938941857,1915.23155564944,0.0,12.744332549941,-5.25728913168132,1.,0.0,0.0,25.9909491641767,294.692186041421,0.0,20.,2420.54393426057,0.0,19.9999999999997 
 01/21  16:00:00,-17.3,290.135997009467,479.858760738042,2078.76051994432,1358.39868043045,0.0,12.1372277323422,-5.87915985037159,1.,0.0,0.0,26.0050832420159,281.518400712575,0.0,20.,2385.14083979033,0.0,20.0000000000003 
 01/21  16:10:00,-17.3,214.667782606144,357.036034575675,1516.2119300759,746.638922459211,0.0,11.4032046652081,-6.60833566677218,1.,0.0,0.0,25.8920450447461,366.071478038018,0.0,20.,2479.77980834472,0.0,20.0000000000002 
 01/21  16:20:00,-17.3,126.558332889256,211.467910710632,880.181028936971,55.1681323097102,0.0,10.5026753716798,-7.49460682436461,1.,0.0,0.0,25.7579242955729,359.06513028871,0.0,20.,2452.07879181438,0.0,20.0000000000002 
 01/21  16:30:00,-17.3,38.2816396809366,64.2476698308894,261.81831143538,0.0,617.959054454179,9.56738112036999,-8.40756908843946,1.,0.0,0.0,25.6481941196972,353.9934238049,0.0,20.,2427.11548986065,0.0,20. 
 01/21  16:40:00,-17.3,0.211750760546535,0.357092569480267,1.42142670683747,0.0,899.192605815621,9.11305856266472,-8.81137945108503,1.,0.0,0.0,25.5482727256855,351.192177395461,0.0,20.,2405.82502498668,0.0,20. 
 01/21  16:50:00,-17.3,0.0,0.0,0.0,0.0,897.425845713921,9.03682743278995,-8.83722005857055,1.,0.0,0.0,25.4670538981923,350.872254868862,0.0,20.,2388.76788814797,0.0,20. 
 01/21  17:00:00,-17.3,0.0,0.0,0.0,0.0,895.187920701724,8.98000194826773,-8.86042407519744,1.,0.0,0.0,25.4037312395441,353.286545020328,0.0,20.,2376.40092908667,0.0,20. 
 01/21  17:10:00,-17.3,0.0,0.0,0.0,0.0,894.29029630216,8.92046032950202,-8.88470319396527,1.,0.0,0.0,25.2787373505804,0.0,0.0,18.7094572164376,0.0,0.0,17.4196124403911 
 01/21  17:20:00,-17.3,0.0,0.0,0.0,0.0,891.056276883694,8.83863549723128,-8.91796924028415,1.,0.0,0.0,25.2003106643055,0.0,0.0,18.2730822924635,0.0,0.0,16.6184720026526 
 01/21  17:30:00,-17.3,0.0,0.0,0.0,0.0,889.310216918653,8.7934408325433,-8.93661863795921,1.,0.0,0.0,25.1242030716301,0.0,0.0,17.9580023377398,0.0,0.0,16.0436027832097 
 01/21  17:40:00,-17.3,0.0,0.0,0.0,0.0,887.414189772221,8.74513622904351,-8.95628996814162,1.,0.0,0.0,25.050821415797,0.0,0.0,17.7699020183162,0.0,0.0,15.7287088992374 
 01/21  17:50:00,-17.3,0.0,0.0,0.0,0.0,885.562368274601,8.69789431983793,-8.97555826865789,1.,0.0,0.0,24.9188902437996,0.0,0.0,17.4384438157049,0.0,0.0,15.1754009993802 
 01/21  18:00:00,-17.3,0.0,0.0,0.0,0.0,883.07294431496,8.63473848307763,-9.00121914219687,1.,0.0,0.0,24.8104666979139,0.0,0.0,17.2490969521211,114.667827152839,0.0,15.0002908729319 
 01/21  18:10:00,-17.3,0.0,0.0,0.0,0.0,917.322966277994,8.07837905028293,-9.23234536342108,1.,0.0,0.0,21.6237410593399,482.580869794624,0.0,15.4569911974878,2445.37304421213,0.0,15.0000002970528 
 01/21  18:20:00,-17.3,0.0,0.0,0.0,0.0,862.381158602364,6.65454210081145,-9.81602541553514,1.,0.0,0.0,20.2014163597394,674.155785591035,0.0,15.0369651236784,2541.75622207314,0.0,15.0000000003955 
 01/21  18:30:00,-17.3,0.0,0.0,0.0,0.0,850.816848640036,6.36825035822221,-9.92072957965121,1.,0.0,0.0,19.2961978217546,843.44140453496,0.0,15.0000973362125,2621.31059502074,0.0,15.0000000000026 
 01/21  18:40:00,-17.3,0.0,0.0,0.0,0.0,841.453918502022,6.12310047695189,-10.0195399841423,1.,0.0,0.0,18.6885734742861,923.100657600744,0.0,15.0000005633699,2695.78107887237,0.0,15.0000000000001 
 01/21  18:50:00,-17.3,0.0,0.0,0.0,0.0,833.841100361671,5.92295469360158,-10.100506453154,1.,0.0,0.0,17.8279594347598,979.264495898776,0.0,15.0000000034889,2766.99815626966,0.0,15.0000000000002 
 01/21  19:00:00,-17.3,0.0,0.0,0.0,0.0,824.191080257766,5.67111195621311,-10.2017330675511,1.,0.0,0.0,17.7187474072674,1028.60603274378,0.0,15.0000000000474,2835.71079642217,0.0,15.0000000000002 
 01/21  19:10:00,-17.3,0.0,0.0,0.0,0.0,819.687644761242,5.55017768538596,-10.2512402321402,1.,0.0,0.0,17.5043508563453,1070.36819160942,0.0,15.0000000000002,2902.29885405561,0.0,15.0000000000004 
 01/21  19:20:00,-17.3,0.0,0.0,0.0,0.0,815.649686094844,5.44358952163702,-10.2942056739191,1.,0.0,0.0,17.2499360757016,1120.31363709975,0.0,15.0000000000001,2966.98175884474,0.0,15.0000000000004 
 01/21  19:30:00,-17.3,0.0,0.0,0.0,0.0,808.796470383703,5.26478957344455,-10.3657275689656,1.,0.0,0.0,16.8699909763825,1169.95205147008,0.0,15.0000000000001,3029.8991471184,0.0,15.0000000000003 
 01/21  19:40:00,-17.3,0.0,0.0,0.0,0.0,802.356032221883,5.09498055628046,-10.4341173282922,1.,0.0,0.0,16.6070608539342,1219.70524410826,0.0,15.0000000000001,3091.14792163461,0.0,15. 
 01/21  19:50:00,-17.3,0.0,0.0,0.0,0.0,797.192541927762,4.95801394449592,-10.4893866170501,1.,0.0,0.0,16.4309400194575,1269.3275575794,0.0,15.0000000000004,3150.80103261008,0.0,15.0000000000006 
 01/21  20:00:00,-17.3,0.0,0.0,0.0,0.0,792.361643664487,4.83012697330298,-10.5408167259495,1.,0.0,0.0,16.2696736152156,1318.62521828661,0.0,15.0000000000004,3208.91753664102,0.0,15. 
 01/21  20:10:00,-17.3,0.0,0.0,0.0,0.0,787.748108675199,4.70793821694576,-10.5899163221645,1.,0.0,0.0,16.0945261209514,1367.44699024663,0.0,15.0000000000002,3265.54818169251,0.0,15.0000000000006 
 01/21  20:20:00,-17.3,0.0,0.0,0.0,0.0,783.059754689976,4.58380286134729,-10.6397293989096,1.,0.0,0.0,15.9082648227352,1415.66722119175,0.0,15.0000000000001,3320.73859136516,0.0,15. 
 01/21  20:30:00,-17.3,0.0,0.0,0.0,0.0,778.303299623113,4.45772849933417,-10.6902995107187,1.,0.0,0.0,15.7215488998197,1463.16916148744,0.0,15.0000000000001,3374.53111137384,0.0,15.0000000000006 
 01/21  20:40:00,-17.3,0.0,0.0,0.0,0.0,773.576388450891,4.33223512898621,-10.7406280242481,1.,0.0,0.0,15.5389650528986,1509.81271955955,0.0,15.0000000000002,3426.96588713163,0.0,15.0000000000005 
 01/21  20:50:00,-17.3,0.0,0.0,0.0,0.0,768.925373669401,4.20857910609391,-10.7902018753019,1.,0.0,0.0,15.3596533232727,1555.14131774347,0.0,15.,3478.08149256995,0.0,15. 
 01/21  21:00:00,-17.3,0.0,0.0,0.0,0.0,764.342915575953,4.08660331387853,-10.8390760042852,1.,0.0,0.0,15.1818782972854,1600.73732173859,0.0,15.0000000000003,3527.91529690516,0.0,15.0000000000006 
 01/21  21:10:00,-17.3,0.0,0.0,0.0,0.0,759.810800253241,3.96583718691329,-10.8874383085671,1.,0.0,0.0,15.0050920812362,1645.62631070469,0.0,15.0000000000003,3576.50367904381,0.0,15.0000000000007 
 01/21  21:20:00,-17.3,0.0,0.0,0.0,0.0,755.321607313297,3.8460815892081,-10.9353711802582,1.,121.5685700601,0.0,15.000024679168,1689.90302713997,0.0,15.0000000000003,3623.88215261602,0.0,15.0000000000003 
 01/21  21:30:00,-17.3,0.0,0.0,0.0,0.0,752.556697716616,3.77126001152561,-10.9655951724232,1.,142.78823889992,0.0,15.0000001400509,1733.53347438643,0.0,15.0000000000003,3670.08543717309,0.0,15.0000000000005 
 01/21  21:40:00,-17.3,0.0,0.0,0.0,0.0,749.995794399763,3.70263797633368,-10.993061492195,1.,217.592445239281,0.0,15.0000000012054,1776.49277014215,0.0,15.0000000000004,3715.14749600563,0.0,15. 
 01/21  21:50:00,-17.3,0.0,0.0,0.0,0.0,747.522255924367,3.63643893286542,-11.0195354060883,1.,279.689020321949,0.0,15.0000000000133,1818.76384445221,0.0,15.0000000000004,3759.10155183901,0.0,15.0000000000007 
 01/21  22:00:00,-17.3,0.0,0.0,0.0,0.0,745.122186653636,3.57218816852537,-11.0452259873338,1.,340.146422198965,0.0,15.0000000000002,1860.33549890678,0.0,15.0000000000004,3801.98008273057,0.0,15.0000000000001 
 01/21  22:10:00,-17.3,0.0,0.0,0.0,0.0,742.788216984735,3.50967561363905,-11.0702157595668,1.,399.370616294159,0.0,15.,1901.20102189238,0.0,15.0000000000004,3843.8147977232,0.0,15.0000000000007 
 01/21  22:20:00,-17.3,0.0,0.0,0.0,0.0,740.515185307938,3.44876193567114,-11.0945601232283,1.,457.36944223402,0.0,15.0000000000001,1941.35719934859,0.0,15.0000000000004,3884.63659914307,0.0,15.0000000000001 
 01/21  22:30:00,-17.3,0.0,0.0,0.0,0.0,738.299128402456,3.38934222397052,-11.1183013141535,1.,514.136163874715,0.0,15.0000000000001,1980.80358243968,0.0,15.0000000000004,3924.47554498425,0.0,15.0000000000005 
 01/21  22:40:00,-17.3,0.0,0.0,0.0,0.0,736.136808222506,3.33133152918447,-11.141473700211,1.,569.656234136675,0.0,15.0000000000002,2019.54193216735,0.0,15.0000000000008,3963.36082248838,0.0,15. 
 01/21  22:50:00,-17.3,0.0,0.0,0.0,0.0,734.025451506098,3.27465743265736,-11.1641066263913,1.,623.907929684322,0.0,15.,2057.57579251291,0.0,15.0000000000002,4001.32073769745,0.0,15.0000000000007 
 01/21  23:00:00,-17.3,0.0,0.0,0.0,0.0,731.962590276951,3.21925564535866,-11.186226150203,1.,676.858992456813,0.0,15.0000000000002,2094.91015921295,0.0,15.,4038.38271997799,0.0,15.0000000000001 
 01/21  23:10:00,-17.3,0.0,0.0,0.0,0.0,729.945951362482,3.16506701130015,-11.2078562378574,1.,728.455446178875,0.0,15.0000000000001,2131.55122000033,0.0,15.0000000000006,4074.57333797575,0.0,15.0000000000005 
 01/21  23:20:00,-17.3,0.0,0.0,0.0,0.0,727.973356777343,3.11203483540601,-11.2290198312098,1.,778.580417589681,0.0,15.0000000000002,2167.50614816944,0.0,15.,4109.9183227903,0.0,15. 
 01/21  23:30:00,-17.3,0.0,0.0,0.0,0.0,726.042558578608,3.06010049333059,-11.2497405865885,1.,826.597207758695,0.0,15.,2202.78293590436,0.0,15.0000000000006,4144.44259506381,0.0,15.0000000000007 
 01/21  23:40:00,-17.3,0.0,0.0,0.0,0.0,724.150034005505,3.00917165678084,-11.2700553463081,1.,875.113935685777,0.0,15.0000000000002,2237.39025737831,0.0,15.,4178.17029355931,0.0,15.0000000000003 
 01/21  23:50:00,-17.3,0.0,0.0,0.0,0.0,722.299309208641,2.95934049473118,-11.2899289563487,1.,922.567279232783,0.0,15.,2271.33735445521,0.0,15.0000000000006,4211.12480414272,0.0,15.0000000000005 
 01/21  24:00:00,-17.3,0.0,0.0,0.0,0.0,720.487828943675,2.91054313290294,-11.3093859558056,1.,969.124109907433,0.0,15.0000000000002,2304.63393975586,0.0,15.0000000000007,4243.32878865144,0.0,15.0000000000001 
 07/21  00:10:00,22.619,0.0,0.0,0.0,0.0,410.273688132896,24.6778132236867,24.5415129018693,0.0,0.0,60.84087947783,30.,0.0,0.0,29.8166687486985,0.0,27.5475298356558,30. 
 07/21  00:20:00,22.512,0.0,0.0,0.0,0.0,412.758979828404,24.5983831431943,24.4612359813448,0.0,0.0,45.7539354718614,30.,0.0,0.0,29.7598463828541,0.0,7.19519226809643,30. 
 07/21  00:30:00,22.405,0.0,0.0,0.0,0.0,415.254927139507,24.5190544972738,24.3810711780538,0.0,0.0,28.4439425327546,30.,0.0,0.0,29.702945845648,0.0,0.0,29.983372452691 
 07/21  00:40:00,22.298,0.0,0.0,0.0,0.0,417.771294897836,24.4399282071139,24.3011061411003,0.0,0.0,11.627546556681,30.,0.0,0.0,29.6452515908475,0.0,0.0,29.9391277882645 
 07/21  00:50:00,22.191,0.0,0.0,0.0,0.0,420.30420296706,24.3609711715275,24.2213056284138,0.0,0.0,0.0,29.9912295611988,0.0,0.0,29.5862614034752,0.0,0.0,29.8737836874593 
 07/21  01:00:00,22.084,0.0,0.0,0.0,0.0,422.73458307867,24.2810551059608,24.1405722500808,0.0,0.0,0.0,29.9532640067363,0.0,0.0,29.5259349055016,0.0,0.0,29.7984374293182 
 07/21  01:10:00,22.0126666666667,0.0,0.0,0.0,0.0,423.300052956942,24.217717862824,24.076864998175,0.0,0.0,0.0,29.8908931913507,0.0,0.0,29.4644302138621,0.0,0.0,29.7212696363281 
 07/21  01:20:00,21.9413333333333,0.0,0.0,0.0,0.0,423.521814391537,24.1511076434896,24.010111744963,0.0,0.0,0.0,29.8189627893229,0.0,0.0,29.4018409901922,0.0,0.0,29.64515297378 
 07/21  01:30:00,21.87,0.0,0.0,0.0,0.0,423.595113493203,24.0830288925199,23.941981084584,0.0,0.0,0.0,29.7473268938805,0.0,0.0,29.3380334963733,0.0,0.0,29.5698549409389 
 07/21  01:40:00,21.7986666666667,0.0,0.0,0.0,0.0,423.659163637985,24.0148371467695,23.8737604778426,0.0,0.0,0.0,29.6785379827157,0.0,0.0,29.2726833562599,0.0,0.0,29.4944007385219 
 07/21  01:50:00,21.7273333333333,0.0,0.0,0.0,0.0,423.756394951031,23.9469551711566,23.8058464618141,0.0,0.0,0.0,29.611601480761,0.0,0.0,29.2084094397899,0.0,0.0,29.4179878340009 
 07/21  02:00:00,21.656,0.0,0.0,0.0,0.0,423.878148090567,23.8793084329336,23.7381608615968,0.0,0.0,0.0,29.5452959920244,0.0,0.0,29.1468148746537,0.0,0.0,29.3397737518586 
 07/21  02:10:00,21.6025,0.0,0.0,0.0,0.0,423.273826036887,23.8218953816976,23.6808742104646,0.0,0.0,0.0,29.479656807349,0.0,0.0,29.0876476060563,0.0,0.0,29.264696591236 
 07/21  02:20:00,21.549,0.0,0.0,0.0,0.0,422.682034246505,23.7646137826447,23.623771970851,0.0,0.0,0.0,29.4148804868114,0.0,0.0,29.0299422668994,0.0,0.0,29.1941128080734 
 07/21  02:30:00,21.4955,0.0,0.0,0.0,0.0,422.106547902618,23.7074737650736,23.5668204311515,0.0,0.0,0.0,29.3509771760019,0.0,0.0,28.9729616781191,0.0,0.0,29.1269549574925 
 07/21  02:40:00,21.442,0.0,0.0,0.0,0.0,421.547910926283,23.6504895231719,23.5100227050261,0.0,0.0,0.0,29.287846579871,0.0,0.0,28.9164164757167,0.0,0.0,29.0618001209255 
 07/21  02:50:00,21.3885,0.0,0.0,0.0,0.0,421.005339565659,23.593656527303,23.4533717219695,0.0,0.0,0.0,29.2254005248122,0.0,0.0,28.8602808039812,0.0,0.0,28.9978381550612 
 07/21  03:00:00,21.335,0.0,0.0,0.0,0.0,420.47811841978,23.5369684025914,23.3968606549919,0.0,0.0,0.0,29.1636017023126,0.0,0.0,28.8045836172847,0.0,0.0,28.9348398656863 
 07/21  03:10:00,21.2815,0.0,0.0,0.0,0.0,419.966096781807,23.4804239024178,23.340488174924,0.0,0.0,0.0,29.1024444553528,0.0,0.0,28.7493211746253,0.0,0.0,28.8728109503192 
 07/21  03:20:00,21.228,0.0,0.0,0.0,0.0,419.469477308114,23.4240250869821,23.284256265847,0.0,0.0,0.0,29.0419292209938,0.0,0.0,28.6944606958819,0.0,0.0,28.8117588117094 
 07/21  03:30:00,21.1745,0.0,0.0,0.0,0.0,418.988479708792,23.3677741959323,23.2281670932069,0.0,0.0,0.0,28.9820523696347,0.0,0.0,28.6399666945723,0.0,0.0,28.7516380910363 
 07/21  03:40:00,21.121,0.0,0.0,0.0,0.0,418.523207348098,23.3116721554399,23.1722215407465,0.0,0.0,0.0,28.9228080799514,0.0,0.0,28.5858142951787,0.0,0.0,28.6923822235135 
 07/21  03:50:00,21.0675,0.0,0.0,0.0,0.0,418.073635709084,23.2557192901056,23.1164199295148,0.0,0.0,0.0,28.8641933523592,0.0,0.0,28.5319880042338,0.0,0.0,28.6339382438493 
 07/21  04:00:00,21.014,0.0,0.0,0.0,0.0,417.639739970587,23.1999152815325,23.0607619473893,0.0,0.0,0.0,28.8062118368866,0.0,0.0,28.4784760014775,0.0,0.0,28.5762792871204 
 07/21  04:10:00,20.9783333333333,0.0,0.0,0.0,0.0,416.489257541516,23.1544050518894,23.0155608990733,0.0,0.0,0.0,28.7492852758413,0.0,0.0,28.4252665664127,0.0,0.0,28.5194045941681 
 07/21  04:20:00,20.9426666666667,0.0,0.0,0.0,0.0,415.361417849659,23.1091287225186,22.9706435017152,0.0,0.0,0.0,28.6934727166662,0.0,0.0,28.3723478900789,0.0,0.0,28.4633451473651 
 07/21  04:30:00,20.907,0.0,0.0,0.0,0.0,414.257865396408,23.0640699918789,22.9259500633124,0.0,0.0,0.0,28.638630622916,0.0,0.0,28.319710095405,0.0,0.0,28.4082011322675 
 07/21  04:40:00,20.8713333333333,2.295165166568604E-022,1.884214394183906E-022,1.881383990524798E-021,0.0,413.176178346344,23.0192144306383,22.8814559314409,0.0,0.0,0.0,28.5847215756545,0.0,0.0,28.2673468179746,0.0,0.0,28.3545434815667 
 07/21  04:50:00,20.8356666666667,0.17874070318907,0.146737067415027,1.46516643914485,0.0,410.61581466987,22.9753866185496,22.8379784788737,0.0,0.0,0.0,28.5322108488192,0.0,0.0,28.2152551195454,0.0,0.0,28.3009451385975 
 07/21  05:00:00,20.8,3.60795171775866,2.96194568440798,29.5749634895597,0.0,380.817973888979,22.9469943710037,22.8098377725579,0.0,0.0,0.0,28.4820301916696,0.0,0.0,28.1634348701677,0.0,0.0,28.2468153214269 
 07/21  05:10:00,20.8356666666667,10.6676892687808,8.75763276896053,87.4447734677985,0.0,317.797616816104,22.9777335759285,22.8413569684183,0.0,0.0,0.0,28.4373994860747,0.0,0.0,28.1118987265888,0.0,0.0,28.1922859399984 
 07/21  05:20:00,20.8713333333333,18.789255252657,15.4250272349598,154.018562764625,0.0,246.14366842864,23.0162619314411,22.8807811801174,0.0,0.0,0.0,28.3994284792373,0.0,0.0,28.0607348422219,0.0,0.0,28.1377537080317 
 07/21  05:30:00,20.907,28.8946756665584,23.7210657425588,236.854327532966,0.0,158.105316675231,23.0665103451055,22.9318428281312,0.0,0.0,0.0,28.3679710620021,0.0,0.0,28.0102659446931,0.0,0.0,28.0837338151168 
 07/21  05:40:00,20.9426666666667,36.8654831209446,30.2646950889717,302.192324792039,0.0,88.2707495553885,23.1097093764376,22.9758319650934,0.0,0.0,0.0,28.3410450534485,0.0,0.0,27.9612523984268,0.0,0.0,28.0310248325101 
 07/21  05:50:00,20.9783333333333,44.1642350832914,36.2566009035726,362.021374538818,0.0,24.2340645461136,23.1512667743236,23.0181397389146,0.0,0.0,0.0,28.3169268155566,0.0,0.0,27.9149952086558,0.0,0.0,27.9808819980147 
 07/21  06:00:00,21.014,50.8315595600146,41.7301367225735,416.67451110979,34.353442785036,0.0,23.1913288920727,23.0589171592526,0.0,0.0,0.0,28.295105126599,0.0,0.0,27.8732359497185,0.0,0.0,27.9349772162884 
 07/21  06:10:00,21.1388333333333,56.9030782761654,46.7145461786615,466.443731543783,91.5535025069294,0.0,23.2824832945994,23.1515481367239,0.0,0.0,0.0,28.2947188397484,0.0,0.0,28.077876721991,0.0,0.0,28.0036005065466 
 07/21  06:20:00,21.2636666666667,62.5208434324158,51.3264469362776,512.493460693774,144.409494765233,0.0,23.3741433197794,23.244891992599,0.0,0.0,0.0,28.2992306639069,0.0,0.0,28.2897039293105,0.0,0.0,28.084040801725 
 07/21  06:30:00,21.3885,67.7081949797123,55.584999913413,555.015019910788,193.446622392316,0.0,23.4657531387986,23.3381950859774,0.0,0.0,0.0,28.298874204265,0.0,0.0,28.3833482058615,0.0,0.0,28.1174075274106 
 07/21  06:40:00,21.5133333333333,72.5183676490743,59.5339081288824,594.444782890886,239.239481617804,0.0,23.5563833927757,23.4305100711564,0.0,0.0,0.0,28.2953993309034,0.0,0.0,28.3924149721672,0.0,0.0,28.1150631476123 
 07/21  06:50:00,21.6381666666667,76.9955710602118,63.2094654420699,631.145143033727,282.141725363792,0.0,23.6464032501543,23.5221945042004,0.0,0.0,0.0,28.2937874143453,0.0,0.0,28.3874006865105,0.0,0.0,28.1080902747155 
 07/21  07:00:00,21.763,81.1761037609913,66.6414711229255,665.413645404172,322.392153638355,0.0,23.7366100241758,23.6140250216243,0.0,0.0,0.0,28.2968061198402,0.0,0.0,28.4044248785799,0.0,0.0,28.1140726191654 
 07/21  07:10:00,22.0661666666667,85.0896035726951,69.8542563221156,697.493236014503,367.919675129911,0.0,23.9359326541478,23.8164119012225,0.0,0.0,2305.76118624913,22.8736401444869,0.0,2940.72433250019,23.0084922994765,0.0,3548.62719890279,22.8941493553701 
 07/21  07:20:00,22.3693333333333,88.7602050317317,72.8676342720648,727.581749561234,463.474271156457,0.0,23.6263114865524,23.5269138071558,0.0,0.0,297.028023473889,22.9999999999982,0.0,1043.84471412052,22.999999999999,0.0,561.190278621594,22.9999999999901 
 07/21  07:30:00,22.6725,92.2075368904543,75.6977191846225,755.840086100575,511.114575285648,0.0,23.7566345016685,23.6634994135313,0.0,0.0,2134.39389238504,22.9999999999994,0.0,2812.81865736344,22.9999999999997,0.0,3232.43023530945,22.9999999999976 
 07/21  07:40:00,22.9756666666667,106.396678024399,83.2147065857464,826.410157910697,597.278401579717,0.0,23.9592242073952,23.8707774722718,0.0,0.0,1669.23799737751,22.9999999999999,0.0,2419.51939772852,22.9999999999999,0.0,2594.3616459512,22.9999999999997 
 07/21  07:50:00,23.2788333333333,129.921585096479,95.6750561300724,889.236177616494,676.859361624457,0.0,24.1990599025393,24.114621353734,0.0,0.0,1665.41322312357,23.0000000000001,0.0,2429.10476179425,23.,0.0,2609.16543767263,23.0000000000001 
 07/21  08:00:00,23.582,153.38880525796,114.915363236025,974.03964387788,780.201268265486,0.0,24.4827097693128,24.401803369581,0.0,0.0,1660.10379090498,23.,0.0,2444.85536550342,23.0000000000002,0.0,2619.20257479667,23. 
 07/21  08:10:00,23.9208333333333,176.660661764681,138.144010364857,1079.14538781121,929.257117744696,0.0,25.1535073821746,25.0667652325063,0.0,0.0,3833.65218838553,23.,0.0,3588.71919555828,22.9999999999998,0.0,4827.40852699862,23. 
 07/21  08:20:00,24.2596666666667,199.614433930818,163.30870798647,1202.10049203874,1069.41077020303,0.0,25.5302460218587,25.4450819565577,0.0,0.0,3869.7626067549,23.0000000000005,0.0,3626.98350812317,22.9999999999999,0.0,4874.40371451988,23. 
 07/21  08:30:00,24.5985,222.140004144019,188.965435012985,1339.97549124142,1226.28916139468,0.0,25.8936427656423,25.8112717152475,0.0,0.0,3900.9416474361,23.0000000000002,0.0,3662.73845282381,23.,0.0,4914.15050486096,22.9999999999998 
 07/21  08:40:00,24.9373333333333,244.137997391555,214.149642336789,1489.61137713577,1394.50522940638,0.0,26.2536126949636,26.1742136050206,0.0,0.0,3934.44043542027,23.0000000000001,0.0,3699.57266200681,23.0000000000002,0.0,4953.86605983022,22.9999999999999 
 07/21  08:50:00,25.2761666666667,265.518309265812,238.259426434392,1647.81217686162,1570.53864364013,0.0,26.6080933598867,26.5317043372378,0.0,0.0,3971.02815826564,23.0000000000003,0.0,3737.87916757314,22.9999999999998,0.0,4994.36317233261,23. 
 07/21  09:00:00,25.615,286.198941114687,260.955570904527,1811.48681292388,1751.17779768759,0.0,26.9556415175967,26.8822796428082,0.0,0.0,4010.89256240329,23.0000000000001,0.0,3777.74833409207,22.9999999999999,0.0,5035.87006693302,23. 
 07/21  09:10:00,25.9181666666667,304.914708641271,281.102827252644,1967.98866980958,1922.02560303471,0.0,27.269525108428,27.1988169600592,0.0,0.0,4052.97821524777,23.,0.0,3819.15828525134,23.,0.0,5078.40484376957,23.0000000000002 
 07/21  09:20:00,26.2213333333333,323.45190746701,300.183412692766,2129.89363623561,2097.61192325623,0.0,27.5785026635845,27.5103882651908,0.0,0.0,4098.08689338558,23.,0.0,3862.03183230628,23.0000000000002,0.0,5121.89422089817,23.0000000000001 
 07/21  09:30:00,26.5245,341.084185207289,317.68220396236,2289.42474374876,2270.03295615206,0.0,27.879882420282,27.814364388387,0.0,0.0,4146.04239366806,23.,0.0,3906.25334031064,23.0000000000003,0.0,5166.21712999452,23.0000000000003 
 07/21  09:40:00,26.8276666666667,357.758488900618,333.668892213018,2444.57893643849,2437.38655786944,0.0,28.1738740241778,28.1109647618891,0.0,0.0,4196.59040915469,23.0000000000005,0.0,3951.67342561369,23.0000000000001,0.0,5211.22493611774,22.9999999999996 
 07/21  09:50:00,27.1308333333333,373.426753261771,348.2269611852,2593.64287447405,2598.053075702,0.0,28.4608147261486,28.4005294195002,0.0,0.0,4249.49612626116,22.9999999999999,0.0,3998.12019590593,23.0000000000003,0.0,5256.75542253891,23.0000000000001 
 07/21  10:00:00,27.434,388.045728745681,361.439625844803,2735.1742804912,2750.68056528457,0.0,28.7410282565069,28.6833843752154,0.0,0.0,4304.51524080689,23.,0.0,4045.41456874919,23.0000000000001,0.0,5302.64342759275,22.9999999999998 
 07/21  10:10:00,27.7015,401.576874314361,373.382022703252,2867.97711233672,2892.43807590914,0.0,28.9932212364317,28.9372486014179,0.0,0.0,4360.76306905111,23.0000000000003,0.0,4093.37945641256,23.,0.0,5348.72688854713,22.9999999999999 
 07/21  10:20:00,27.969,413.986299685513,384.117745077239,2991.07399642569,3024.34813134806,0.0,29.2407630361811,29.1868491804138,0.0,0.0,4418.69428359195,22.9999999999998,0.0,4141.84136525519,23.,0.0,5394.84831671177,23.0000000000002 
 07/21  10:30:00,28.2365,425.24473929195,393.698198099184,3103.67838398569,3145.47955006729,0.0,29.4821921883932,29.4304536560639,0.0,0.0,4477.94577274833,22.9999999999999,0.0,4190.62799114911,23.,0.0,5440.8532707392,23.0000000000001 
 07/21  10:40:00,28.504,435.327534501856,402.163609940381,3205.16802729384,3255.27940635657,0.0,29.7176098138444,29.6680968052603,0.0,0.0,4538.26277001274,23.,0.0,4239.5664866733,23.,0.0,5486.59004646303,23.0000000000003 
 07/21  10:50:00,28.7715,444.21459166643,409.544851910759,3295.06063054853,3353.3327858834,0.0,29.9470426390426,29.8997921801938,0.0,0.0,4599.39204672299,23.0000000000003,0.0,4288.48305315592,23.,0.0,5531.91043042713,23.0000000000001 
 07/21  11:00:00,29.039,451.890272262432,415.865479234198,3372.99191909587,3439.34938312413,0.0,30.170468804521,30.1255178749618,0.0,0.0,4661.08415751305,23.0000000000004,0.0,4337.20349950446,23.,0.0,5576.67084937047,23.0000000000003 
 07/21  11:10:00,29.2173333333333,458.343161314027,421.143606212077,3438.6959096009,3509.28594754417,0.0,30.3379508264056,30.2944448646323,0.0,0.0,4721.77127506756,23.0000000000001,0.0,4385.55437194502,23.0000000000003,0.0,5620.73364819094,23.0000000000003 
 07/21  11:20:00,29.3956666666667,463.565658957863,425.393383562071,3491.98689668726,3566.76576354242,0.0,30.4994067606388,30.4570920060221,0.0,0.0,4782.48543236465,23.0000000000001,0.0,4433.3625862823,23.0000000000001,0.0,5663.9657943225,23.0000000000004 
 07/21  11:30:00,29.574,467.553358938526,428.625968218894,3532.74267190607,3611.61965476263,0.0,30.6549265771139,30.61377253504,0.0,0.0,4843.05161654571,23.,0.0,4480.45259751815,23.,0.0,5706.2340167524,22.9999999999999 
 07/21  11:40:00,29.7523333333333,470.304227760283,430.849984147211,3560.88882579472,3643.79061572329,0.0,30.8044082919844,30.7644431586914,0.0,0.0,4903.1825707326,23.0000000000003,0.0,4526.64637388934,23.,0.0,5747.40440276294,23.0000000000002 
 07/21  11:50:00,29.9306666666667,471.817678039076,432.071574543955,3576.38462432714,3663.25834104624,0.0,30.9477228880554,30.9089935484088,0.0,0.0,4962.58952262907,23.0000000000001,0.0,4571.76539930372,23.,0.0,5787.34474914835,22.9999999999998 
 07/21  12:00:00,30.109,472.093713502127,432.294228102479,3579.2116688089,3670.02170297806,0.0,31.0847456819093,31.0473073970918,0.0,0.0,5020.99509791919,23.,0.0,4615.6335137732,22.9999999999997,0.0,5825.92759972829,23.0000000000002 
 07/21  12:10:00,30.2516666666667,471.13236196955,431.518591455823,3569.36692672535,3661.62121614879,0.0,31.1839128036105,31.1477923375251,0.0,0.0,4996.11984949099,23.,0.0,4576.86809368202,22.9999999999999,0.0,5754.84368520456,23.0000000000001 
 07/21  12:20:00,30.3943333333333,468.933563415957,429.742426951674,3546.86139562927,3641.58902940731,0.0,31.2867937302162,31.2517089168227,0.0,0.0,5049.95357267771,22.9999999999997,0.0,4616.54754582873,23.,0.0,5788.89142528796,23. 
 07/21  12:30:00,30.537,465.497548139017,426.960748743842,3511.72466715627,3608.85405320439,0.0,31.383744374453,31.3496743058123,0.0,0.0,5102.46233024839,22.9999999999999,0.0,4654.98000317,23.,0.0,5821.89572668496,22.9999999999998 
 07/21  12:40:00,30.6796666666667,460.825589359695,423.166027800663,3464.014512199,3563.53840471901,0.0,31.4739802380431,31.4409738679511,0.0,0.0,5153.15068491933,23.,0.0,4691.79866699763,23.0000000000003,0.0,5853.51997051691,22.9999999999997 
 07/21  12:50:00,30.8223333333333,454.920923807248,418.34826649172,3403.82994760505,3505.75566624903,0.0,31.5573155738377,31.5254413546866,0.0,0.0,5201.88117440677,23.0000000000006,0.0,4726.98306982131,23.0000000000001,0.0,5883.91169470637,22.9999999999999 
 07/21  13:00:00,30.965,447.789636715119,412.494738147322,3331.32633749366,3435.77300360258,0.0,31.6335707848553,31.6029033552899,0.0,0.0,5248.582895326,23.0000000000002,0.0,4760.60551150548,23.0000000000003,0.0,5913.36029172969,23.0000000000002 
 07/21  13:10:00,31.0541666666667,439.441378178705,405.589250413096,3246.73170518147,3352.34298685811,0.0,31.6845774827444,31.6543214832778,0.0,0.0,5374.02757847604,23.0000000000001,0.0,4874.02141894924,23.0000000000001,0.0,6050.43566779504,23.0000000000001 
 07/21  13:20:00,31.1433333333333,429.889864361997,397.610887414563,3150.36414874834,3256.1002096249,0.0,31.7181194711214,31.6883995804932,0.0,0.0,5417.26269310359,23.0000000000003,0.0,4906.07009058192,23.,0.0,6080.55517209388,23. 
 07/21  13:30:00,31.2325,419.15318168773,388.532291214472,3042.65073811646,3148.52181685896,0.0,31.7436815689417,31.7145875802289,0.0,0.0,5458.19045549467,22.9999999999998,0.0,4936.42122441185,23.0000000000003,0.0,6110.16734284969,23. 
 07/21  13:40:00,31.3216666666667,407.253943958806,378.317657325361,2924.14841590626,3029.87245602745,0.0,31.7605189694385,31.7318638103544,0.0,0.0,5497.02960240917,22.9999999999999,0.0,4965.46914578645,23.0000000000001,0.0,6139.95355658642,23.0000000000003 
 07/21  13:50:00,31.4108333333333,394.219358513602,366.920756765805,2795.56726645335,2901.22486507209,0.0,31.7713930211543,31.7433707661348,0.0,0.0,5534.06125649351,23.,0.0,4993.31033701868,23.,0.0,6170.18718207623,23.0000000000001 
 07/21  14:00:00,31.5,380.081250140777,354.283476066209,2657.79613539873,2763.17749448602,0.0,31.7743821389238,31.7471325342735,0.0,0.0,5569.11750813269,23.,0.0,5019.98280336901,23.,0.0,6201.04799816575,23. 
 07/21  14:10:00,31.5,364.876080075399,340.335599642897,2511.93003469638,2612.76993737461,0.0,31.7192154263398,31.6923650236415,0.0,0.0,5600.73524687411,23.,0.0,5045.48985021289,22.9999999999997,0.0,6232.65141551896,23. 
 07/21  14:20:00,31.5,348.64498714516,324.996850404993,2359.2980828729,2455.20601060931,0.0,31.6548164072203,31.6278692994581,0.0,0.0,5630.14886618663,23.0000000000003,0.0,5069.80949418775,22.9999999999999,0.0,6265.06022113351,23. 
 07/21  14:30:00,31.5,331.43387096008,308.182548092214,2201.4899187434,2292.02988442565,0.0,31.5811042355095,31.5540012180156,0.0,0.0,5657.41032148068,23.0000000000004,0.0,5092.89718666457,23.,0.0,6298.28790603785,23.0000000000003 
 07/21  14:40:00,31.5,313.293533148535,289.814621687705,2040.37759949087,2125.02379598548,0.0,31.4975645533546,31.4703553636313,0.0,0.0,5682.52392903128,23.0000000000002,0.0,5114.68994531407,22.9999999999997,0.0,6332.30488613651,23.0000000000001 
 07/21  14:50:00,31.5,295.180252423258,270.579238342358,1885.50937956206,1963.8480382878,0.0,31.4079383088836,31.3806801452648,0.0,0.0,5705.99336885019,23.0000000000001,0.0,5135.11151693589,22.9999999999999,0.0,6367.04621766748,23. 
 07/21  15:00:00,31.5,274.836328988019,248.573065893034,1720.33916760802,1791.41701692171,0.0,31.3026604724974,31.2754700258253,0.0,0.0,5727.01462653865,23.,0.0,5154.07735257977,23.0000000000002,0.0,6402.41897615277,23.0000000000003 
 07/21  15:10:00,31.393,253.758505763804,225.064549486717,1559.32454057303,1617.84166208565,0.0,31.1283869008424,31.1002732663164,0.0,0.0,5744.29210284445,23.,0.0,5171.49749971808,23.0000000000001,0.0,6438.30973279933,22.9999999999998 
 07/21  15:20:00,31.286,232.0254745835,200.303091917949,1405.47601006256,1450.82888824971,0.0,30.9458041220345,30.9164997986416,0.0,0.0,5759.72516371761,23.,0.0,5187.27539507462,23.0000000000003,0.0,6474.58831603462,22.9999999999999 
 07/21  15:30:00,31.179,209.723595181975,174.762138676998,1261.95745917127,1293.671608982,0.0,30.7578716949833,30.7273576424542,0.0,0.0,5773.76180221308,23.0000000000003,0.0,5201.3068349567,22.9999999999996,0.0,6511.10418646847,22.9999999999997 
 07/21  15:40:00,31.072,186.947944360398,149.230942421604,1131.96504256679,1149.82155564989,0.0,30.5690057854241,30.5373012215569,0.0,0.0,5786.86613538261,23.0000000000001,0.0,5213.48492611426,23.0000000000001,0.0,6547.68634813469,22.9999999999999 
 07/21  15:50:00,30.965,163.803642061547,124.924242130297,1018.55786804439,1022.77806172324,0.0,30.3859596403514,30.3530587208551,0.0,0.0,5799.58287623729,23.0000000000004,0.0,5223.70542839212,23.,0.0,6584.14647344417,23. 
 07/21  16:00:00,30.858,140.407527128871,103.606592109057,924.435521496932,915.918190909089,0.0,30.2184917301338,30.1843337012994,0.0,0.0,5812.54747897759,23.0000000000002,0.0,5231.87035236443,23.,0.0,6620.28338984823,23. 
 07/21  16:10:00,30.7153333333333,116.890276023728,87.7239936266628,851.66068979296,829.825862481771,0.0,30.0482739314499,30.0126894182557,0.0,0.0,5744.40819632602,23.0000000000001,0.0,5156.5959826163,23.,0.0,6547.5820867457,23. 
 07/21  16:20:00,30.5726666666667,93.6779574990464,76.9048600547308,767.893361536429,736.045237084505,0.0,29.9154800611764,29.8779864495687,0.0,0.0,5756.19442686919,23.,0.0,5159.15506616274,23.0000000000003,0.0,6580.872676069,23. 
 07/21  16:30:00,30.43,90.3249045592883,74.1521733611634,740.407844536908,701.002252741916,0.0,29.8263574881156,29.7866643353592,0.0,0.0,5770.67399891104,23.,0.0,5159.89892914657,22.9999999999998,0.0,6613.80879429907,23.0000000000005 
 07/21  16:40:00,30.2873333333333,86.7561111352155,71.2223746532298,711.153867910995,664.037102694417,0.0,29.7377012527402,29.6957748756953,0.0,0.0,5785.4649950698,22.9999999999997,0.0,5158.42998351693,22.9999999999999,0.0,6645.73247078756,23.0000000000007 
 07/21  16:50:00,30.1446666666667,82.9536807935278,68.1007718653132,679.984731701803,625.153357684716,0.0,29.6476914917328,29.6035413278731,0.0,0.0,5799.36875193397,22.9999999999999,0.0,5154.6425030742,22.9999999999997,0.0,6676.36353995253,23.0000000000003 
 07/21  17:00:00,30.002,78.8956025961973,64.7692951317387,646.720008692043,584.203734004964,0.0,29.5558502168785,29.5095043238984,0.0,0.0,5811.89959285684,22.9999999999996,0.0,5148.50418240199,22.9999999999996,0.0,6705.50338718688,23.0000000000001 
 07/21  17:10:00,29.8236666666667,74.5548282268842,61.2057391542871,611.137979460066,538.734917572922,0.0,29.4322845251745,29.3836927863503,0.0,0.0,5756.94456682095,22.9999999999998,0.0,4621.56143491364,23.0000000000004,0.0,6374.54600336178,23. 
 07/21  17:20:00,29.6453333333333,69.8981827565369,57.3828689959021,572.966703749397,491.572623237679,0.0,29.3144435727423,29.2633540752744,0.0,0.0,5764.18516933399,22.9999999999999,0.0,4599.09183782401,23.0000000000001,0.0,6392.85517965877,23. 
 07/21  17:30:00,29.467,64.8851404941715,53.2674151161611,531.873985919686,441.512555174725,0.0,29.1943173537717,29.1407092612218,0.0,0.0,5769.52138202928,23.0000000000003,0.0,4579.08801283318,23.0000000000003,0.0,6412.31902201012,22.9999999999997 
 07/21  17:40:00,29.2886666666667,59.4666041577379,48.8190711323681,487.457367612935,388.207112561831,0.0,29.0709553743861,29.0148723897685,0.0,0.0,5772.41090190921,23.0000000000001,0.0,4558.52135909441,23.0000000000001,0.0,6430.78409299542,22.9999999999999 
 07/21  17:50:00,29.1103333333333,53.6206554887438,44.0198432640544,439.537181320989,331.493642182219,0.0,28.9440173069383,28.8855241072662,0.0,0.0,5772.55252040035,23.,0.0,4536.91670276651,23.0000000000003,0.0,6447.76367957964,23.0000000000002 
 07/21  18:00:00,28.932,47.2131975996192,38.7596447560466,387.014213178424,270.264238368822,0.0,28.8126867744505,28.7518609847482,0.0,0.0,5769.60518770826,23.0000000000003,0.0,4514.09837556288,23.0000000000004,0.0,6462.92275295473,23.0000000000003 
 07/21  18:10:00,28.6645,40.203885931892,33.0053547685429,329.557752317368,176.827777038778,0.0,28.3128343599062,28.2578792415311,0.0,0.0,3647.06870261553,23.0000000000001,0.0,3019.91624714258,23.0000000000003,0.0,4118.71591390111,23.0000000000001 
 07/21  18:20:00,28.397,32.5339353317398,26.7087136666337,266.685927328772,105.426539425859,0.0,28.0868226697295,28.0308675874454,0.0,0.0,3603.97498659181,23.0000000000003,0.0,2969.08241519124,23.0000000000001,0.0,4092.99565852846,23. 
 07/21  18:30:00,28.1295,22.4046607707646,18.3930921120575,183.654626260622,11.4461462293042,0.0,27.8653705199876,27.8071172515521,0.0,0.0,3568.28229855109,23.0000000000001,0.0,2926.80636779043,23.,0.0,4078.68172750776,23. 
 07/21  18:40:00,27.862,14.2602104859803,11.7069107936783,116.893250649791,0.0,65.7909194370824,27.6527424960191,27.5918427993333,0.0,0.0,3532.49495399013,23.0000000000002,0.0,2886.180665666,23.,0.0,4065.1705744149,23. 
 07/21  18:50:00,27.5945,6.4897930782349,5.32779152951639,53.1978829979548,0.0,139.777888329581,27.4409753397607,27.3773740235831,0.0,0.0,3495.0188916465,23.0000000000003,0.0,2845.9220241709,23.,0.0,4050.18337006326,23. 
 07/21  19:00:00,27.327,1.09507864054394,0.899004118453519,8.97653664622852,0.0,193.583878589601,27.2389847372091,27.1726701893986,0.0,0.0,3455.85195018692,23.0000000000001,0.0,2805.42149758068,23.0000000000002,0.0,4032.29411515787,23. 
 07/21  19:10:00,27.1308333333333,3.882980110642167E-004,3.187730069875604E-004,3.182941568693426E-003,0.0,208.219610057723,27.0957517061341,27.0273319325223,0.0,0.0,3416.84284929903,23.0000000000002,0.0,2764.34692747067,23.,0.0,4010.36972593407,23. 
 07/21  19:20:00,26.9346666666667,0.0,0.0,0.0,0.0,213.574251634424,26.957512000797,26.8872219094313,0.0,0.0,3376.00942056718,23.0000000000001,0.0,2722.5323190866,23.,0.0,3983.45406295166,23.0000000000002 
 07/21  19:30:00,26.7385,0.0,0.0,0.0,0.0,218.778785919122,26.8178162845528,26.7457608944152,0.0,0.0,3332.13683388613,23.,0.0,2679.94063009339,23.,0.0,3950.8366896879,23. 
 07/21  19:40:00,26.5423333333333,0.0,0.0,0.0,0.0,223.783988717648,26.6761284853119,26.6023846843182,0.0,0.0,3284.81659433606,22.9999999999998,0.0,2636.63171211277,23.,0.0,3912.1922060115,23. 
 07/21  19:50:00,26.3461666666667,0.0,0.0,0.0,0.0,228.577908929707,26.5323552131465,26.4569952152307,0.0,0.0,3234.11585125752,22.9999999999999,0.0,2592.7292803009,23.,0.0,3867.65087909999,23.0000000000002 
 07/21  20:00:00,26.15,0.0,0.0,0.0,0.0,233.168661488032,26.3865883421535,26.3096808947289,0.0,0.0,3180.39465990434,23.,0.0,2548.39209271287,23.,0.0,3817.73169227499,23. 
 07/21  20:10:00,25.9895,0.0,0.0,0.0,0.0,236.129808248432,26.2594480343291,26.1813858373188,0.0,0.0,0.0,27.3995849609831,0.0,0.0,26.5761145043848,0.0,0.0,26.6928961654117 
 07/21  20:20:00,25.829,0.0,0.0,0.0,0.0,304.805781513155,26.7715250722099,26.6724036539953,0.0,0.0,484.866689927515,29.9980300340504,0.0,0.0,29.4103044245564,0.0,219.767192917016,29.7435041422516 
 07/21  20:30:00,25.6685,0.0,0.0,0.0,0.0,320.749508854086,26.7653861626206,26.6623771416698,0.0,0.0,351.363392867516,29.8928967482124,0.0,0.0,29.2522738089105,0.0,86.1329279671355,29.667439880035 
 07/21  20:40:00,25.508,0.0,0.0,0.0,0.0,328.112072557795,26.6814494557885,26.5738003515474,0.0,0.0,230.450643909369,29.9998141901178,0.0,0.0,29.2918633052107,0.0,0.0,29.8538175715329 
 07/21  20:50:00,25.3475,0.0,0.0,0.0,0.0,334.480627454296,26.5877540656122,26.4773694148666,0.0,0.0,479.237708186253,29.9999974403312,0.0,0.0,29.7890117313366,0.0,416.273859962344,29.9992706065629 
 07/21  21:00:00,25.187,0.0,0.0,0.0,0.0,340.19682154359,26.4874550003289,26.374967926376,0.0,0.0,448.885833418145,29.9999999940556,0.0,169.582646750865,29.9998926989989,0.0,450.670886925929,29.9999988924743 
 07/21  21:10:00,25.0265,0.0,0.0,0.0,0.0,345.549800533472,26.3835739899823,26.2692283662492,0.0,0.0,436.925788618912,29.999999999756,0.0,142.229938497613,29.9999983506289,0.0,384.012236764985,29.9999999696261 
 07/21  21:20:00,24.866,0.0,0.0,0.0,0.0,350.663254093478,26.2773777115555,26.1612922240148,0.0,0.0,415.63628626478,29.9999999999905,0.0,102.471740507113,29.9999999815232,0.0,380.147822469005,29.99999999917 
 07/21  21:30:00,24.7055,0.0,0.0,0.0,0.0,355.61139268068,26.1696012994109,26.0518457124787,0.0,0.0,393.272113574265,29.9999999999997,0.0,109.578242119003,29.9999999997771,0.0,359.476143363114,29.9999999999784 
 07/21  21:40:00,24.545,0.0,0.0,0.0,0.0,360.443571929881,26.0607268948627,25.9413468393859,0.0,0.0,370.277780171006,30.,0.0,101.105560965726,29.9999999999975,0.0,337.884929031324,29.9999999999994 
 07/21  21:50:00,24.3845,0.0,0.0,0.0,0.0,365.194073553831,25.9510864696958,25.8301132281654,0.0,0.0,346.963418190069,30.,0.0,92.5361669946295,30.,0.0,315.92420840829,30. 
 07/21  22:00:00,24.224,0.0,0.0,0.0,0.0,369.887343874342,25.8409168551398,25.7183721722938,0.0,0.0,323.555865533515,30.,0.0,84.1898583020853,30.,0.0,293.957312789357,30. 
 07/21  22:10:00,24.0991666666667,0.0,0.0,0.0,0.0,373.071791719356,25.7508126528523,25.6270473784053,0.0,0.0,300.679460779854,30.,0.0,75.4796492427613,30.,0.0,272.285093593456,30. 
 07/21  22:20:00,23.9743333333333,0.0,0.0,0.0,0.0,376.233436035701,25.6605019385303,25.5356410620836,0.0,0.0,278.03562840221,30.,0.0,65.539883190727,30.,0.0,251.321761905537,30. 
 07/21  22:30:00,23.8495,0.0,0.0,0.0,0.0,379.380419124348,25.5700401495869,25.44411843571,0.0,0.0,255.705307876819,30.,0.0,55.5859682932132,30.,0.0,230.32006234895,30. 
 07/21  22:40:00,23.7246666666667,0.0,0.0,0.0,0.0,382.519351669868,25.4795087259292,25.3525367380684,0.0,0.0,233.760956199559,30.,0.0,45.7195139982407,30.,0.0,208.095534962807,30. 
 07/21  22:50:00,23.5998333333333,0.0,0.0,0.0,0.0,385.655899089619,25.3889666822926,25.2609475650759,0.0,0.0,212.259555721196,30.,0.0,35.4548564259712,30.,0.0,186.073890649025,30. 
 07/21  23:00:00,23.475,0.0,0.0,0.0,0.0,388.794540618634,25.2984582669795,25.169392217345,0.0,0.0,191.24635479998,30.,0.0,25.2245953023508,30.,0.0,164.375443646905,30. 
 07/21  23:10:00,23.3501666666667,0.0,0.0,0.0,0.0,391.938701508873,25.2080167694588,25.0779024095497,0.0,0.0,170.757981435192,30.,0.0,15.1364935358397,30.,0.0,143.172841143009,30. 
 07/21  23:20:00,23.2253333333333,0.0,0.0,0.0,0.0,395.090931058598,25.1176668574093,24.9865017923672,0.0,0.0,150.825234904188,30.,0.0,5.33076836032561,30.,0.0,122.660124776186,30. 
 07/21  23:30:00,23.1005,0.0,0.0,0.0,0.0,398.2530598593,25.027426242546,24.8952073767151,0.0,0.0,131.475942631659,30.,0.0,0.0,29.9924674454965,0.0,103.091939533813,30. 
 07/21  23:40:00,22.9756666666667,0.0,0.0,0.0,0.0,401.426328009651,24.9373069509824,24.8040307124207,0.0,0.0,112.738403376272,30.,0.0,0.0,29.9675169343454,0.0,85.1100537354142,30. 
 07/21  23:50:00,22.8508333333333,0.0,0.0,0.0,0.0,404.611484732386,24.847316292322,24.7129788100128,0.0,0.0,94.6465633208989,30.,0.0,0.0,29.9253962668021,0.0,67.5314382553018,30. 
 07/21  24:00:00,22.726,0.0,0.0,0.0,0.0,407.808858338228,24.7574575275686,24.6220547798132,0.0,0.0,77.2504617485792,30.,0.0,0.0,29.8730911709882,0.0,47.6904363918901,30. 
